CENTRAL POLLUTION CONTROL BOARD,,,,,,,,,,,
CONTINUOUS AMBIENT AIR QUALITY,,,,,,,,,,,
"Date: Monday, Nov 22 2021",,,,,,,,,,,
Time: 03:30:33 PM,,,,,,,,,,,
State,Delhi,,,,,,,,,,
City,Delhi,,,,,,,,,,
Station,"Anand Vihar, Delhi - DPCC",,,,,,,,,,
Parameter,"PM2.5,PM10,NO2,SO2,CO,RH,WS,WD,SR,AT",,,,,,,,,,
AvgPeriod,24 Hours,,,,,,,,,,
From,01-01-2018T00:00:00Z 00:00,,,,,,,,,,
To,25-03-2020T15:26:59Z 00:00,,,,,,,,,,
,,,,,,,,,,,
"Anand Vihar, Delhi - DPCC",,,,,,,,,,,
Prescribed Standards, ,0-60,0-100,0-80,0-80,0-4,NA,NA,NA,NA,NA
Exceeding Standards, ,NA,NA,NA,NA,NA,NA,NA,NA,NA,NA
Remarks,,,,,,,,,,,
From Date,To Date,PM2.5,PM10,NO2,SO2,CO,RH,WS,WD,SR,AT
01-01-2018 00:00,02-01-2018 00:00,481.62,619,89.52,21.63,3.38,71.69,0.32,140.8,160.22,13.18
02-01-2018 00:00,03-01-2018 00:00,359.67,470.33,83.81,23.5,3.63,71.9,0.34,197.44,160.34,11.63
03-01-2018 00:00,04-01-2018 00:00,287.71,488.92,86.46,20.49,1.82,67.28,0.32,248.7,167.41,12.41
04-01-2018 00:00,05-01-2018 00:00,351.62,555.96,92.6,21.87,1.15,69.67,0.76,151.16,166.28,11.76
05-01-2018 00:00,06-01-2018 00:00,306.25,416.21,81.87,21.62,2.03,67.88,0.8,105.42,168.71,11.22
06-01-2018 00:00,07-01-2018 00:00,324.75,595.17,123.85,22.36,3.55,61.9,0.31,239.39,170.21,12.85
07-01-2018 00:00,08-01-2018 00:00,242.08,466.5,104.15,21.57,2.72,56.3,0.57,261.95,174.67,13.66
08-01-2018 00:00,09-01-2018 00:00,175.05,422.59,127.82,23.48,3.23,49.38,0.39,249.01,172.95,14.45
09-01-2018 00:00,10-01-2018 00:00,375.22,433.52,138.44,23.48,3.55,54.37,0.38,246.51,171.79,14.21
10-01-2018 00:00,11-01-2018 00:00,245.79,483.12,108.89,22.99,2.73,49.12,0.66,271.22,171.8,15.63
11-01-2018 00:00,12-01-2018 00:00,203.12,419.17,106.34,23.31,4.47,47.66,0.77,269.5,172.06,16.02
12-01-2018 00:00,13-01-2018 00:00,231.46,444.74,127.68,30.28,2.32,46.89,0.44,261.61,167.17,16.64
13-01-2018 00:00,14-01-2018 00:00,388.08,502.58,138.17,24.98,4.66,50.59,0.35,237.16,169.25,16.16
14-01-2018 00:00,15-01-2018 00:00,302.62,562.89,122.85,24.83,2.49,48.09,0.39,246.91,169.6,16.01
15-01-2018 00:00,16-01-2018 00:00,240.96,515.83,101.49,20.95,1.84,50.45,0.71,264.26,169.86,15.98
16-01-2018 00:00,17-01-2018 00:00,164.95,289.67,112.71,27.99,2.05,42.85,0.47,242.28,170.47,17.19
17-01-2018 00:00,18-01-2018 00:00,294.38,402.21,72.23,17.61,1.2,64.78,1.19,88.52,166.5,14.02
18-01-2018 00:00,19-01-2018 00:00,451.83,627.43,143.52,33.11,3.9,62.99,0.3,173.87,168.27,16.99
19-01-2018 00:00,20-01-2018 00:00,409.32,525.36,149.9,21.69,2.34,58.2,0.35,256.4,163.19,17.37
20-01-2018 00:00,21-01-2018 00:00,235.55,346.73,109.46,22.79,1.52,60.66,0.4,272.22,129.91,13.77
21-01-2018 00:00,22-01-2018 00:00,183.85,390.09,158.76,34.09,2.67,33.06,0.4,176.73,275.81,20.66
22-01-2018 00:00,23-01-2018 00:00,247.94,493.14,122.84,29.78,2.9,48.15,0.61,117.89,195.56,17.81
23-01-2018 00:00,24-01-2018 00:00,196.4,322.72,86.8,24.86,2.09,61.87,1.82,114.02,149.21,14.05
24-01-2018 00:00,25-01-2018 00:00,162.97,239.81,72.06,25.29,2.08,66.09,0.71,240.56,198.31,13.42
25-01-2018 00:00,26-01-2018 00:00,76.21,132.27,363.16,10.92,10.11,26.05,0.33,101.3,58.62,5.84
26-01-2018 00:00,27-01-2018 00:00,191.67,287.04,80.82,16.85,2.61,71.39,0.78,240.74,186.28,12.76
27-01-2018 00:00,28-01-2018 00:00,223.46,412.38,181.77,15.08,3.51,62.76,0.49,235.65,189.39,13.25
28-01-2018 00:00,29-01-2018 00:00,235.79,396.29,158.11,15.77,2.99,61.73,0.73,218.5,190.27,14.31
29-01-2018 00:00,30-01-2018 00:00,242.21,434.71,303.2,12.75,3.74,56.39,1,263.52,189.79,15.46
30-01-2018 00:00,31-01-2018 00:00,134.25,299.08,145.51,18.55,3.67,42.95,2.14,272.7,190.46,19.03
31-01-2018 00:00,01-02-2018 00:00,144,316,154.39,14.99,5.16,47.81,2.49,271.33,192.28,18.84
01-02-2018 00:00,02-02-2018 00:00,193.92,448.75,336.89,13.67,4.09,46.1,0.81,256.95,187.95,20.09
02-02-2018 00:00,03-02-2018 00:00,129.08,331.54,232.83,16.41,2.28,48.39,1.03,257.34,188.8,20.04
03-02-2018 00:00,04-02-2018 00:00,105.12,256.5,204.26,17.59,4.15,39.99,1.12,252,190.55,18.91
04-02-2018 00:00,05-02-2018 00:00,136.11,281.65,240.65,14.94,6.35,42.21,1.57,270.92,185.58,17.18
05-02-2018 00:00,06-02-2018 00:00,178.25,429.71,305.72,14.23,2.17,36.92,0.92,264.79,191.73,16.92
06-02-2018 00:00,07-02-2018 00:00,130.33,325.17,182.89,18.07,1.83,38.77,1.82,266.81,188.83,17.62
07-02-2018 00:00,08-02-2018 00:00,136.5,292,196.97,13.38,1.95,37.31,1.74,266.92,195.19,17.45
08-02-2018 00:00,09-02-2018 00:00,232.33,411.25,178.95,17.26,3.32,43.77,0.71,238.46,194.4,16.76
09-02-2018 00:00,10-02-2018 00:00,228.17,491.05,210.39,13.14,2.73,43.75,0.74,227.4,192.89,17.25
10-02-2018 00:00,11-02-2018 00:00,309.75,419.68,129.76,25.63,3.94,41.21,0.39,151.46,188.25,18.04
11-02-2018 00:00,12-02-2018 00:00,165.12,359.13,132.08,17.32,1.84,38.81,1.56,102.46,186.25,18.59
12-02-2018 00:00,13-02-2018 00:00,62,149.46,55.25,7.17,2.79,60.92,3.94,87.31,175.19,16.12
13-02-2018 00:00,14-02-2018 00:00,118.92,237.48,147.16,18.82,2.08,62.48,1.12,203.83,195.76,17.49
14-02-2018 00:00,15-02-2018 00:00,69.25,218.5,110.63,19.32,1.58,49.69,2.65,277.66,197.99,17.44
15-02-2018 00:00,16-02-2018 00:00,91.25,217.77,141.62,18.66,1.6,51.7,2.52,278.17,200.17,18.2
16-02-2018 00:00,17-02-2018 00:00,123.94,291.97,210.82,12.96,1.76,53.1,1.1,272.75,198.23,19.4
17-02-2018 00:00,18-02-2018 00:00,135.17,347.79,192.83,16.86,2.88,51.22,1.39,268.61,197.91,20.16
18-02-2018 00:00,19-02-2018 00:00,161.5,343.44,160.3,17.04,2.93,49.19,1.2,248.55,198.36,19.77
19-02-2018 00:00,20-02-2018 00:00,261.25,386.2,152.91,21.48,3.45,44.66,0.71,225.01,195.99,20.03
20-02-2018 00:00,21-02-2018 00:00,231.17,516.43,202.56,19.25,3.43,45.77,0.94,218.9,195.02,21.52
21-02-2018 00:00,22-02-2018 00:00,251.17,381.79,173.97,21.81,3.02,45.69,0.52,189.58,189.48,23.58
22-02-2018 00:00,23-02-2018 00:00,214.75,441.58,217.95,17.46,2.78,54.82,0.47,186.13,191.24,23.41
23-02-2018 00:00,24-02-2018 00:00,238.29,543.08,206.58,19.24,2.62,53.91,0.37,156.27,186.83,24.26
24-02-2018 00:00,25-02-2018 00:00,183.33,415.08,97.83,15.1,2.4,53.03,1.46,85.59,191.36,24.13
25-02-2018 00:00,26-02-2018 00:00,125,312.38,114.64,22.85,1.72,55.14,1.28,222.33,191.8,22.79
26-02-2018 00:00,27-02-2018 00:00,63.17,252.12,99.48,14.5,2.07,58.01,2.88,276.58,201.57,21.24
27-02-2018 00:00,28-02-2018 00:00,89.5,270.25,166.19,14.46,3.64,56.22,1.46,265.72,194.43,23.02
28-02-2018 00:00,01-03-2018 00:00,151.17,380.62,163.35,17.8,2.44,59.42,0.73,233.64,195.78,23.73
01-03-2018 00:00,02-03-2018 00:00,141.71,438.42,185.31,18.01,2.17,54.36,0.78,221.29,196.91,23.09
02-03-2018 00:00,03-03-2018 00:00,179.5,362.46,167.68,17.5,2.9,54.95,1.02,220.53,196.42,24.1
03-03-2018 00:00,04-03-2018 00:00,105.25,249.25,145.38,20.23,3.27,49.98,0.65,201.16,193.05,25.02
04-03-2018 00:00,05-03-2018 00:00,99.58,258.29,115.24,16.76,1.35,50.04,1.11,225.18,198.41,23.51
05-03-2018 00:00,06-03-2018 00:00,75.46,232.17,144.43,15.94,1.53,50.88,1.47,255.99,200.57,22.62
06-03-2018 00:00,07-03-2018 00:00,75.67,247.62,127.49,14.54,3.93,50.65,2.02,271.97,202.96,22.2
07-03-2018 00:00,08-03-2018 00:00,95.35,268,136.16,15.78,2.74,48.55,1.51,263.1,202.67,22.86
08-03-2018 00:00,09-03-2018 00:00,226.08,521.88,117.44,34.4,2.69,50.4,0.61,115.53,196.46,23.94
09-03-2018 00:00,10-03-2018 00:00,156.12,352.16,160.12,34.39,2.35,46.07,1.06,233.15,197.9,24.8
10-03-2018 00:00,11-03-2018 00:00,67.79,224.75,105.28,16.55,1.77,42.92,1.68,268.12,200.55,25.21
11-03-2018 00:00,12-03-2018 00:00,79.6,222.1,112.6,19,1.25,45.5,1.22,270.74,239.01,25.66
12-03-2018 00:00,13-03-2018 00:00,None,None,None,None,None,None,None,None,None,None
13-03-2018 00:00,14-03-2018 00:00,None,None,None,None,None,None,None,None,None,None
14-03-2018 00:00,15-03-2018 00:00,79.77,376.69,185.09,21.5,3.1,27.28,0.73,163.12,233.45,30.11
15-03-2018 00:00,16-03-2018 00:00,141.42,446.91,158.14,18.91,1.79,44,1.38,209.52,205.3,25.95
16-03-2018 00:00,17-03-2018 00:00,154.5,374.56,131.17,18.45,0.9,45.07,1.39,236.47,204.14,24.78
17-03-2018 00:00,18-03-2018 00:00,93.91,272.18,127.5,14.47,0.75,48.81,1.39,271.18,170.7,21.68
18-03-2018 00:00,19-03-2018 00:00,None,None,None,None,None,None,None,None,None,None
19-03-2018 00:00,20-03-2018 00:00,None,None,None,None,None,None,None,None,None,None
20-03-2018 00:00,21-03-2018 00:00,166.57,502,191.63,39.92,1.48,32.93,0.7,116.21,121.76,29.58
21-03-2018 00:00,22-03-2018 00:00,166.25,358.25,86.77,30.26,0.89,47.97,1.26,190.83,201.36,26.15
22-03-2018 00:00,23-03-2018 00:00,110.71,258,73.06,19.78,1.04,51.34,1.43,220.02,207.31,24.69
23-03-2018 00:00,24-03-2018 00:00,63.75,209.21,100.86,14.23,1.16,48.49,1.33,269.07,213.78,24.66
24-03-2018 00:00,25-03-2018 00:00,80,259.85,104.21,14.69,0.5,45.52,1.88,272.97,243.88,26.29
25-03-2018 00:00,26-03-2018 00:00,72.41,287.52,78.35,18.09,1.03,35.59,2.46,273.39,265.81,29.3
26-03-2018 00:00,27-03-2018 00:00,91.19,286,120.81,16.67,1.08,40.14,2,273.61,212.22,27.56
27-03-2018 00:00,28-03-2018 00:00,158.88,428.91,205.22,28.32,1.95,33.6,1.05,218.79,210.23,28.78
28-03-2018 00:00,29-03-2018 00:00,171.25,372.14,83.37,34.76,1.1,32.94,1.5,235.07,207.33,30.01
29-03-2018 00:00,30-03-2018 00:00,116.53,328.87,135.4,14.88,0.95,31.89,1.93,270.89,209.53,29.37
30-03-2018 00:00,31-03-2018 00:00,129.45,391.27,149.9,21.19,1.33,43.73,1.07,244.78,175.05,26.3
31-03-2018 00:00,31-03-2018 15:26,None,None,None,None,None,None,None,None,None,None
01-04-2018 00:00,02-04-2018 00:00,73.92,206.08,74.16,11.16,0.84,37.49,2.53,81.33,245.18,30.38
02-04-2018 00:00,03-04-2018 00:00,110.17,275.83,86.83,23.9,1.72,40.05,2.16,82.8,209.52,29.15
03-04-2018 00:00,04-04-2018 00:00,111.17,265.02,77.98,11.99,0.6,37.38,1.65,94.16,205.63,31.05
04-04-2018 00:00,05-04-2018 00:00,143.79,366.46,143.94,20.19,1.35,37.44,0.93,118.58,206.05,31.77
05-04-2018 00:00,06-04-2018 00:00,212.13,401.33,169.65,24.35,1.64,39.09,0.79,179.27,204.6,31.8
06-04-2018 00:00,07-04-2018 00:00,97.67,278.88,104.5,22.52,1.16,37.98,1.58,149.02,185.34,29.64
07-04-2018 00:00,08-04-2018 00:00,54.96,167.96,59.16,8.31,1.19,45.61,2.39,100.28,215.82,27.76
08-04-2018 00:00,09-04-2018 00:00,49.38,160.35,47.82,5.42,1.1,44.64,3.77,82.77,216.72,28.64
09-04-2018 00:00,10-04-2018 00:00,49.13,140.53,49.5,6.41,1.25,59.66,3.23,114.99,213.2,24.6
10-04-2018 00:00,11-04-2018 00:00,80.56,293.2,97.5,3.11,1.12,39.71,1.77,153.91,232.89,31.1
11-04-2018 00:00,12-04-2018 00:00,54.62,151.7,61.2,3.4,1.51,54.45,3.2,105.84,202.17,25.73
12-04-2018 00:00,13-04-2018 00:00,66.37,282.37,112.65,8.69,1.62,45.55,1.52,204.56,210.91,27.48
13-04-2018 00:00,14-04-2018 00:00,140.58,365.75,113.03,9.85,1.94,27.94,1.23,218.81,221.34,29.04
14-04-2018 00:00,15-04-2018 00:00,163.05,328.39,107.93,7.65,1.16,24.68,1.49,241.41,277.39,30.48
15-04-2018 00:00,16-04-2018 00:00,132,181.47,141.16,27.65,4.41,25.54,0.42,180.47,105.47,32.96
16-04-2018 00:00,17-04-2018 00:00,180.29,437.56,148.82,24.5,2.53,30.95,1.7,84.72,209.51,31.78
17-04-2018 00:00,18-04-2018 00:00,105.8,422.22,205.92,7.25,2.05,27.75,1.16,205.96,213.04,32.88
18-04-2018 00:00,19-04-2018 00:00,74.58,338.58,77.44,12.36,1.71,23.83,2.28,269.05,220.01,32.54
19-04-2018 00:00,20-04-2018 00:00,92.83,378.75,156.12,15.74,2.35,23.31,1.08,258.74,216.36,33.76
20-04-2018 00:00,21-04-2018 00:00,108.03,404.05,83.42,16.1,1.43,23.83,2.14,174.27,208.84,32.93
21-04-2018 00:00,22-04-2018 00:00,179.92,517.29,89.37,7.54,2.1,29.63,1.54,268.04,220.73,29.97
22-04-2018 00:00,23-04-2018 00:00,112,272.38,60.95,2.55,1.35,22.37,2.08,269.28,230.14,29.3
23-04-2018 00:00,24-04-2018 00:00,94.25,267.46,93.92,7.62,1.64,18.85,1.73,266.06,227.81,30.5
24-04-2018 00:00,25-04-2018 00:00,142.46,356.04,196.07,12.54,2.59,18.98,1.1,246.01,223.26,32.34
25-04-2018 00:00,26-04-2018 00:00,171.12,551.42,220.05,18.25,2.12,18.09,0.78,205.11,219.07,34.12
26-04-2018 00:00,27-04-2018 00:00,232.03,484.33,165.04,19.62,2.45,18.29,0.74,145.71,211.95,35.37
27-04-2018 00:00,28-04-2018 00:00,97.75,351.92,39.76,3.03,1.67,42.5,3.09,89.41,218.35,32.43
28-04-2018 00:00,29-04-2018 00:00,84.82,337.33,40.72,3.13,1.84,42.56,3.69,84.62,216.38,32.79
29-04-2018 00:00,30-04-2018 00:00,99.21,275.88,43.51,4.21,1.9,40.38,1.63,116.74,210.18,33.59
30-04-2018 00:00,01-05-2018 00:00,146.39,272,56.98,4.11,1.8,39.85,2.5,116.03,219.6,33.31
01-05-2018 00:00,02-05-2018 00:00,49.25,188.92,28.54,1.66,1.48,52.22,4.78,86.57,226.96,30.39
02-05-2018 00:00,03-05-2018 00:00,58.54,194.72,40.65,3.43,1.6,51.4,3.91,108.44,216.99,29.62
03-05-2018 00:00,04-05-2018 00:00,48.67,176.79,41.55,2.2,1.61,49.66,3.86,99.77,225.48,28.63
04-05-2018 00:00,05-05-2018 00:00,51.38,147.25,41.83,2.07,1.84,50.93,3.6,83.08,227.01,29.99
05-05-2018 00:00,06-05-2018 00:00,93.33,288.25,103.41,7.33,2.32,38.54,1,144.82,221.51,33.85
06-05-2018 00:00,07-05-2018 00:00,130.83,412.46,127.71,20.47,1.52,34.68,1.5,176.97,218.28,32.94
07-05-2018 00:00,08-05-2018 00:00,185.33,508.58,166.32,22.31,2.55,30.48,0.96,188.4,219.84,34.01
08-05-2018 00:00,09-05-2018 00:00,81.79,231.88,56.78,7.54,1.67,38.03,2.54,233.5,223.33,29.99
09-05-2018 00:00,10-05-2018 00:00,110.67,392.41,79.46,12.7,2.17,45.63,0.82,181.6,206.05,28.58
10-05-2018 00:00,11-05-2018 00:00,120.79,387.38,141.7,7.96,2.48,39.57,0.97,195.53,223.91,32.06
11-05-2018 00:00,12-05-2018 00:00,194.88,414.38,205.7,8.75,2.44,33.41,0.86,206.78,217.64,34.94
12-05-2018 00:00,13-05-2018 00:00,242.49,487.32,137.05,8.13,2.03,38.26,1.8,135.01,237.34,34.55
13-05-2018 00:00,14-05-2018 00:00,80.33,236.59,31.71,1.69,2.04,49.78,3.47,118.38,187.17,31.59
14-05-2018 00:00,15-05-2018 00:00,51.12,154.88,27.06,1.81,1.53,46.62,2.03,109.14,228.85,29.48
15-05-2018 00:00,16-05-2018 00:00,73.04,185.5,26.5,3.16,1.64,48.08,2.22,87.27,226.28,31.8
16-05-2018 00:00,17-05-2018 00:00,82.12,285.58,44.56,5.31,1.65,36.13,1.85,232.92,225.75,34.19
17-05-2018 00:00,18-05-2018 00:00,112.75,319.42,88.79,7.06,1.69,26.54,1.16,204.35,216.82,35.6
18-05-2018 00:00,19-05-2018 00:00,117.46,308.79,100.04,16.82,1.71,30.92,1.13,142.89,220.26,34.44
19-05-2018 00:00,20-05-2018 00:00,127.75,446.46,182.49,15.81,3.41,33.85,0.92,192.93,215.57,34.73
20-05-2018 00:00,21-05-2018 00:00,104.92,332.21,93.54,9.1,1.42,25.45,1,226.69,219.8,35.33
21-05-2018 00:00,22-05-2018 00:00,72.29,241.58,59.89,16.82,1.83,13.96,1.45,242.71,222.9,36.77
22-05-2018 00:00,23-05-2018 00:00,121.94,317.42,105.41,23.96,2.49,15.68,0.83,208.59,219.85,37.75
23-05-2018 00:00,24-05-2018 00:00,177.79,444.67,143.71,17.12,3.08,24.25,0.81,120.55,219.57,37.24
24-05-2018 00:00,25-05-2018 00:00,134.84,389.29,90.9,10.94,2.04,26.67,0.66,197.88,217.84,36.17
25-05-2018 00:00,26-05-2018 00:00,111.21,361.25,200.78,9.87,2.38,15.85,1.14,233.05,224.94,37.16
26-05-2018 00:00,27-05-2018 00:00,101.42,307,171.37,10.03,2.07,14.79,0.76,214.95,223.48,38.26
27-05-2018 00:00,28-05-2018 00:00,115.46,359.54,244.16,9.59,1.89,16.83,1.05,177.2,221.88,37.96
28-05-2018 00:00,29-05-2018 00:00,125.5,290,75.72,15.96,2.44,26.16,0.85,121.87,220.73,36.53
29-05-2018 00:00,30-05-2018 00:00,124.17,303.46,133.11,5.18,1.9,32.82,2.25,136.07,221.99,37.02
30-05-2018 00:00,31-05-2018 00:00,56.67,267.12,45.86,2.32,1.65,42.98,3.43,106.98,227.35,34.06
31-05-2018 00:00,01-06-2018 00:00,70.12,258.83,54.34,2.61,1.68,40.26,2.18,100.38,225.19,35.8
01-06-2018 00:00,02-06-2018 00:00,71.38,226.58,34.5,1.86,1.65,50.69,4.54,90.64,227.89,33.3
02-06-2018 00:00,03-06-2018 00:00,44.04,146.5,35.46,0.95,1.71,49.27,3.64,87.51,232.68,30.79
03-06-2018 00:00,04-06-2018 00:00,55.87,143.67,38.81,1.67,1.72,53.53,3.5,82.67,230.08,32.55
04-06-2018 00:00,05-06-2018 00:00,58.62,179.09,38.53,1.47,1.54,48.69,3.92,86.41,225.36,35.03
05-06-2018 00:00,06-06-2018 00:00,49.75,158.83,37.56,4.47,1.77,48.27,4.2,81.38,225.39,35.14
06-06-2018 00:00,07-06-2018 00:00,58.96,170.33,58.93,4.96,1.83,60.53,2.69,98.95,198.81,31.87
07-06-2018 00:00,08-06-2018 00:00,184.95,178.91,44.54,8.52,1.9,51.78,1.97,94.26,225.94,34.89
08-06-2018 00:00,09-06-2018 00:00,112.67,214.25,29.49,7.12,1.61,55.15,4.11,86.74,228.8,34.64
09-06-2018 00:00,10-06-2018 00:00,26.54,126.46,25.12,4.38,1.79,64.12,3.96,89.55,274.93,32.71
10-06-2018 00:00,11-06-2018 00:00,90.8,322.87,49.51,7.8,2.15,46.59,1.26,206.24,282.15,36.14
11-06-2018 00:00,12-06-2018 00:00,86.83,337.83,42.98,7.5,1.57,47.11,2.02,260.49,228.96,36.03
12-06-2018 00:00,13-06-2018 00:00,168.21,514.06,48.64,11.09,1.85,41.07,1.48,254.21,219.93,37.63
13-06-2018 00:00,14-06-2018 00:00,330.46,682.57,111.35,7.18,1.96,35.22,2.14,255.52,216.98,38.72
14-06-2018 00:00,15-06-2018 00:00,258.38,657.17,93.65,6.45,1.8,33.52,1.78,248.47,221.67,37.73
15-06-2018 00:00,16-06-2018 00:00,252.71,488.86,61.43,5.61,1.73,35.08,1.81,212.33,222.43,36.84
16-06-2018 00:00,17-06-2018 00:00,183.98,611.94,36.93,6.2,1.83,48.38,1.73,148.62,221.15,34.61
17-06-2018 00:00,18-06-2018 00:00,108.33,320.83,27.12,5.02,1.67,57.3,1.48,156.29,232.17,31.52
18-06-2018 00:00,19-06-2018 00:00,94.83,255.54,28.35,9.22,1.47,48.31,1.53,210.02,227.8,32.67
19-06-2018 00:00,20-06-2018 00:00,68.32,206.82,36.51,6.2,1.71,48,1.12,231.28,232.37,33.89
20-06-2018 00:00,21-06-2018 00:00,95.76,278.35,31.73,13.99,1.94,44.4,0.92,163.22,219.61,36.25
21-06-2018 00:00,22-06-2018 00:00,104.37,348,49.05,9.02,1.81,40.15,0.7,191.25,217.14,36.88
22-06-2018 00:00,23-06-2018 00:00,132.7,392.41,79.49,37.22,2.82,39.22,0.69,156.47,220.08,37.89
23-06-2018 00:00,24-06-2018 00:00,97.5,310.71,None,15.77,1.94,37.63,0.96,204.86,216.36,37.88
24-06-2018 00:00,25-06-2018 00:00,76.76,211.02,73.74,14.67,1.34,35.95,1.81,210.77,216.93,37.6
25-06-2018 00:00,26-06-2018 00:00,59.61,72.95,None,11.43,0.04,41.67,3.31,255.14,183.15,38.13
26-06-2018 00:00,27-06-2018 00:00,73.36,268.86,None,17.5,1.66,55.9,0.4,172.97,45.17,31.99
27-06-2018 00:00,28-06-2018 00:00,67.33,229,None,None,None,74.82,2.4,81.24,163.31,28.63
28-06-2018 00:00,29-06-2018 00:00,None,None,None,None,None,None,None,None,None,None
29-06-2018 00:00,30-06-2018 00:00,None,None,None,None,None,None,None,None,None,None
30-06-2018 00:00,30-06-2018 15:37,None,None,None,None,None,None,None,None,None,None
01-07-2018 00:00,02-07-2018 00:00,None,None,None,None,None,None,None,None,None,None
02-07-2018 00:00,03-07-2018 00:00,None,None,None,None,None,None,None,None,None,None
03-07-2018 00:00,04-07-2018 00:00,None,None,None,None,None,None,None,None,None,None
04-07-2018 00:00,05-07-2018 00:00,None,None,None,None,None,None,None,None,None,None
05-07-2018 00:00,06-07-2018 00:00,None,None,None,None,None,None,None,None,None,None
06-07-2018 00:00,07-07-2018 00:00,None,None,None,None,None,None,None,None,None,None
07-07-2018 00:00,08-07-2018 00:00,None,None,None,None,None,None,None,None,None,None
08-07-2018 00:00,09-07-2018 00:00,None,None,None,None,None,None,None,None,None,None
09-07-2018 00:00,10-07-2018 00:00,None,None,None,None,None,None,None,None,None,None
10-07-2018 00:00,11-07-2018 00:00,None,None,None,None,None,None,None,None,None,None
11-07-2018 00:00,12-07-2018 00:00,None,None,None,None,None,None,None,None,None,None
12-07-2018 00:00,13-07-2018 00:00,None,None,None,None,None,None,None,None,None,None
13-07-2018 00:00,14-07-2018 00:00,None,None,None,None,None,None,None,None,None,None
14-07-2018 00:00,15-07-2018 00:00,None,None,None,None,None,None,None,None,None,None
15-07-2018 00:00,16-07-2018 00:00,None,None,None,None,None,None,None,None,None,None
16-07-2018 00:00,17-07-2018 00:00,None,None,None,None,None,None,None,None,None,None
17-07-2018 00:00,18-07-2018 00:00,None,None,None,None,None,None,None,None,None,None
18-07-2018 00:00,19-07-2018 00:00,None,None,None,None,None,None,None,None,None,None
19-07-2018 00:00,20-07-2018 00:00,None,None,None,None,None,None,None,None,None,None
20-07-2018 00:00,21-07-2018 00:00,None,None,None,None,None,None,None,None,None,None
21-07-2018 00:00,22-07-2018 00:00,None,None,None,None,None,None,None,None,None,None
22-07-2018 00:00,23-07-2018 00:00,None,None,None,None,None,None,None,None,None,None
23-07-2018 00:00,24-07-2018 00:00,None,None,None,None,None,None,None,None,None,None
24-07-2018 00:00,25-07-2018 00:00,None,None,None,None,None,None,None,None,None,None
25-07-2018 00:00,26-07-2018 00:00,None,None,None,None,None,None,None,None,None,None
26-07-2018 00:00,27-07-2018 00:00,None,None,None,None,None,None,None,None,None,None
27-07-2018 00:00,28-07-2018 00:00,None,None,None,None,None,None,None,None,None,None
28-07-2018 00:00,29-07-2018 00:00,None,None,None,None,None,None,None,None,None,None
29-07-2018 00:00,30-07-2018 00:00,None,None,None,None,None,None,None,None,None,None
30-07-2018 00:00,31-07-2018 00:00,None,None,None,None,None,None,None,None,None,None
31-07-2018 00:00,01-08-2018 00:00,None,None,None,None,None,None,None,None,None,None
01-08-2018 00:00,02-08-2018 00:00,None,None,None,None,None,None,None,None,None,None
02-08-2018 00:00,03-08-2018 00:00,None,None,None,None,None,None,None,None,None,None
03-08-2018 00:00,04-08-2018 00:00,None,None,None,None,None,None,None,None,None,None
04-08-2018 00:00,05-08-2018 00:00,None,None,None,None,None,None,None,None,None,None
05-08-2018 00:00,06-08-2018 00:00,None,None,None,None,None,None,None,None,None,None
06-08-2018 00:00,07-08-2018 00:00,None,None,None,None,None,None,None,None,None,None
07-08-2018 00:00,08-08-2018 00:00,None,None,None,None,None,None,None,None,None,None
08-08-2018 00:00,09-08-2018 00:00,None,None,None,None,None,None,None,None,None,None
09-08-2018 00:00,10-08-2018 00:00,None,None,None,None,None,None,None,None,None,None
10-08-2018 00:00,11-08-2018 00:00,None,None,None,None,None,None,None,None,None,None
11-08-2018 00:00,12-08-2018 00:00,None,None,None,None,None,None,None,None,None,None
12-08-2018 00:00,13-08-2018 00:00,51,224,8.2,9.3,None,65.7,0.5,159.3,391.7,31.9
13-08-2018 00:00,14-08-2018 00:00,42.72,172.13,18.32,9.27,1.59,69.39,0.69,153.3,245.86,31.49
14-08-2018 00:00,15-08-2018 00:00,65.27,206.62,12.22,10.3,1.84,71.49,0.66,162.58,215.62,31.56
15-08-2018 00:00,16-08-2018 00:00,49.05,163.19,10.85,9.82,1.27,70.13,1.29,174.21,212.5,31.09
16-08-2018 00:00,17-08-2018 00:00,47.13,157.22,10.15,10.62,1.37,72.69,0.89,125.96,204.65,30.7
17-08-2018 00:00,18-08-2018 00:00,40.57,118.5,5.22,9.6,1.41,74.11,1.58,116.02,217.34,31.44
18-08-2018 00:00,19-08-2018 00:00,40.1,110.33,6.07,10.31,2.21,77.63,1.12,115.95,200.67,28.35
19-08-2018 00:00,20-08-2018 00:00,71.68,176.21,10.78,11.37,2.4,83.74,0.38,191.73,176.91,28.9
20-08-2018 00:00,21-08-2018 00:00,77.62,193.68,19.52,8.7,2.41,77.19,0.98,158.6,207.55,30.76
21-08-2018 00:00,22-08-2018 00:00,32.3,112.59,23.5,9.67,1.85,71.93,1.62,104.01,217.61,31.27
22-08-2018 00:00,23-08-2018 00:00,31.5,101.08,26.69,9.65,1.58,73.07,1.47,123.84,209.46,31.13
23-08-2018 00:00,24-08-2018 00:00,37.32,96.23,28.35,9.61,2.15,82.67,0.84,233.62,188.68,27.29
24-08-2018 00:00,25-08-2018 00:00,39.53,170.52,25.7,9.96,2.42,75.68,0.6,270.23,197.65,30.16
25-08-2018 00:00,26-08-2018 00:00,34.65,168.96,36.76,20.99,1.69,71.74,0.95,272.26,205.83,30.12
26-08-2018 00:00,27-08-2018 00:00,33.22,178.5,25.94,11.5,0.8,69.13,1.19,221.54,216.88,30.68
27-08-2018 00:00,28-08-2018 00:00,30.59,98.02,27.97,11.95,0.96,80.02,0.64,125.9,202.06,28.08
28-08-2018 00:00,29-08-2018 00:00,38.01,88.97,9.11,12,1.21,85.73,1.04,119.63,186.76,25.53
29-08-2018 00:00,30-08-2018 00:00,33.9,95.03,18.36,11.02,1.02,85.02,1.28,135.16,181.33,28.3
30-08-2018 00:00,31-08-2018 00:00,102.93,172.47,28.49,14.37,1.57,75.44,0.75,239.12,212.73,31.11
31-08-2018 00:00,01-09-2018 00:00,55.77,248.63,23.54,11.09,2.1,76.35,0.88,215.25,174.11,30.29
01-09-2018 00:00,02-09-2018 00:00,51.76,118.71,None,15.87,2.06,87.19,0.88,196.88,178.43,26.08
02-09-2018 00:00,03-09-2018 00:00,62.03,131.48,None,11.44,2.04,90.57,0.46,218.17,176.51,25.12
03-09-2018 00:00,04-09-2018 00:00,63.37,114.42,None,11.36,2.43,92.26,0.37,178.47,185.69,25.66
04-09-2018 00:00,05-09-2018 00:00,79.21,177.91,61.16,12.39,2.87,87.62,0.33,207.43,205.26,27.32
05-09-2018 00:00,06-09-2018 00:00,48.73,186.85,63.93,16.2,2.4,82.04,0.65,261.61,191.04,28.02
06-09-2018 00:00,07-09-2018 00:00,50.66,228.33,67.42,25.23,2.8,78.26,0.67,263.59,197.85,29.31
07-09-2018 00:00,08-09-2018 00:00,58.4,148.64,87.39,21.19,2.63,81.72,0.48,212.32,168,28
08-09-2018 00:00,09-09-2018 00:00,34.35,99.48,48.87,20.78,1.76,81.4,1.94,105.94,201.82,27.9
09-09-2018 00:00,10-09-2018 00:00,24.54,68.22,31.88,20.35,1.53,77.78,2.67,109.6,207.78,27.72
10-09-2018 00:00,11-09-2018 00:00,41.64,136.82,55.04,21.52,1.99,78.38,0.81,169.93,199.06,28.42
11-09-2018 00:00,12-09-2018 00:00,34.77,167.18,70.34,20.03,2.05,76.17,0.57,252.35,205.31,29.82
12-09-2018 00:00,13-09-2018 00:00,35.6,200.44,62.16,20.9,1.78,70.46,1.16,272.01,210.31,30.49
13-09-2018 00:00,14-09-2018 00:00,35.29,210.65,67.9,20.68,1.71,64.28,1.02,263.35,206.49,30.47
14-09-2018 00:00,15-09-2018 00:00,41.13,191.56,65.59,20.35,2.06,63.73,0.94,277.1,206.74,30.3
15-09-2018 00:00,16-09-2018 00:00,41.42,219.18,73.42,24.53,1.96,59.58,1,278.88,205.91,30.65
16-09-2018 00:00,17-09-2018 00:00,50.71,193.68,57.54,21.17,2.11,69.71,0.6,264.13,62.93,28.58
17-09-2018 00:00,18-09-2018 00:00,62.97,235.77,74.84,23.37,1.74,64.97,1.3,249.84,204.56,30.33
18-09-2018 00:00,19-09-2018 00:00,51.31,231.56,83.47,19.48,2.47,52.87,1.23,266.09,225.68,32.33
19-09-2018 00:00,20-09-2018 00:00,70.21,277.13,94.2,25.41,2.11,58.79,1.15,276.79,231.36,30.64
20-09-2018 00:00,21-09-2018 00:00,None,None,None,None,None,None,None,None,None,None
21-09-2018 00:00,22-09-2018 00:00,None,None,None,None,None,None,None,None,None,None
22-09-2018 00:00,23-09-2018 00:00,None,None,None,None,None,None,None,None,None,None
23-09-2018 00:00,24-09-2018 00:00,None,None,None,None,None,None,None,None,None,None
24-09-2018 00:00,25-09-2018 00:00,39.55,49.8,79.32,21.59,2.12,82.01,0.56,241.26,125.44,25.04
25-09-2018 00:00,26-09-2018 00:00,28.99,64.36,67.7,21.7,2.42,79.79,0.76,285.7,182.92,24.35
26-09-2018 00:00,27-09-2018 00:00,51.38,202.69,89.45,21.72,2.18,66.75,0.67,272.15,206.58,28.31
27-09-2018 00:00,28-09-2018 00:00,100.64,364.92,114.55,23.63,3.71,64.17,0.55,228.08,200.17,29.59
28-09-2018 00:00,29-09-2018 00:00,123.84,501.93,131.61,22.59,3.65,55.98,0.46,238.7,190.99,30.71
29-09-2018 00:00,30-09-2018 00:00,124.32,363.05,111.56,20.87,2.46,55.74,0.7,219.43,194.72,31.05
30-09-2018 00:00,30-09-2018 15:39,70.56,199.11,94.56,19.74,2.07,55.6,1.16,288.41,254.98,30.45
01-10-2018 00:00,02-10-2018 00:00,68.36,208.39,112.65,22.57,2.01,54.48,0.69,273.07,248.94,30.36
02-10-2018 00:00,03-10-2018 00:00,58.48,241.07,98.7,23.56,1.89,41.81,0.61,238.93,179.26,32.9
03-10-2018 00:00,04-10-2018 00:00,75.24,310.48,126.49,23.08,3.25,40.52,0.5,202.94,145.07,32.51
04-10-2018 00:00,05-10-2018 00:00,134.73,332.11,117.45,21.18,3.4,48.43,0.5,180.45,232.99,31.46
05-10-2018 00:00,06-10-2018 00:00,140.02,374.22,120.39,20.23,2.32,48.78,0.45,181.02,189.13,30.46
06-10-2018 00:00,07-10-2018 00:00,86.23,340.44,115.14,21.22,None,46.42,0.59,268.94,192.05,30
07-10-2018 00:00,08-10-2018 00:00,95.2,356.23,113.36,21.02,None,44.31,0.52,229.5,191.11,29.55
08-10-2018 00:00,09-10-2018 00:00,151.45,397.66,124.28,21.09,3.84,43.99,0.46,143.31,189.94,30.01
09-10-2018 00:00,10-10-2018 00:00,104.92,319.77,79.18,20.84,2.78,46.29,1.33,93.06,193.19,29.92
10-10-2018 00:00,11-10-2018 00:00,98.44,332.36,84.33,21.11,3.45,49.48,1.64,87.87,156.55,30.63
11-10-2018 00:00,12-10-2018 00:00,70.32,238.18,54.17,20.55,1.95,54.1,2.02,108.14,194.42,26.63
12-10-2018 00:00,13-10-2018 00:00,78.92,247.92,96.5,20.31,2.19,44.04,0.45,159.01,194.35,26.46
13-10-2018 00:00,14-10-2018 00:00,200.07,433.23,129.1,20.93,2.52,45.57,0.62,230.82,193.72,26.63
14-10-2018 00:00,15-10-2018 00:00,101.62,325.66,139.39,21,2.75,42.74,0.68,276,193.03,27.09
15-10-2018 00:00,16-10-2018 00:00,137.74,381.02,144.4,20.56,2.78,44.17,0.45,199.96,189.76,27.58
16-10-2018 00:00,17-10-2018 00:00,178.92,546.43,145.14,18.47,3.58,45.95,0.51,140.35,185.86,28.22
17-10-2018 00:00,18-10-2018 00:00,171.62,472.96,137.41,25.16,3.45,42.36,0.53,163.49,187.27,28.68
18-10-2018 00:00,19-10-2018 00:00,169.46,446.89,112.49,21.03,3.64,47.72,0.81,125.28,185.84,27.74
19-10-2018 00:00,20-10-2018 00:00,173.17,432.25,130.39,20.06,3.09,46.56,0.4,202.69,185.84,27.47
20-10-2018 00:00,21-10-2018 00:00,213.25,435.86,117.31,21.07,2.76,37.51,0.38,157.74,185.5,27.49
21-10-2018 00:00,22-10-2018 00:00,175.7,394.27,114.1,20.56,2.94,37.75,0.57,221.36,185.31,26.46
22-10-2018 00:00,23-10-2018 00:00,147.14,387.15,126.3,21.2,3.12,41.08,0.76,260.04,187.97,25.47
23-10-2018 00:00,24-10-2018 00:00,162.53,461.61,136.49,22.96,3.45,40.42,0.41,217.93,185.73,26.18
24-10-2018 00:00,25-10-2018 00:00,217.26,551.34,164.23,21.93,3.36,44.82,0.37,161.39,183.22,26
25-10-2018 00:00,26-10-2018 00:00,210.05,506.08,161.28,27.85,2.85,47.12,0.46,156,183.41,25.24
26-10-2018 00:00,27-10-2018 00:00,282.55,597.96,174,27.29,3.71,48.01,0.34,182.37,179.69,24.8
27-10-2018 00:00,28-10-2018 00:00,266.7,628.36,199.29,26.3,5.2,51.84,0.38,224.54,180.06,24.94
28-10-2018 00:00,29-10-2018 00:00,263.84,511.34,157.53,14.93,3.91,52.31,0.55,246.94,180.56,25.13
29-10-2018 00:00,30-10-2018 00:00,312.94,655.63,192.36,16.2,5.75,53.28,0.41,236.12,177.09,24.96
30-10-2018 00:00,31-10-2018 00:00,357.19,672.94,212.78,16.45,5.18,55.05,0.4,202.43,171.81,24.71
31-10-2018 00:00,01-11-2018 00:00,256.26,581.16,144.07,8.69,4.26,54.56,0.4,163.05,175.6,24.63
01-11-2018 00:00,02-11-2018 00:00,312,591.92,157.74,17.93,4.55,54.22,0.57,128.46,178.35,24.57
02-11-2018 00:00,03-11-2018 00:00,215.47,412.91,127.14,9.74,2.19,48.53,0.96,85.08,179.91,25.19
03-11-2018 00:00,04-11-2018 00:00,165.14,313.17,82.8,13.09,2.28,51.11,1.96,97.87,176.7,24.94
04-11-2018 00:00,05-11-2018 00:00,112.71,220.71,79.34,20.84,2.06,49.45,1.88,175.26,182.94,23.76
05-11-2018 00:00,06-11-2018 00:00,463.68,593.99,126.6,21.34,3.73,55.88,0.68,281.35,178.24,21.77
06-11-2018 00:00,07-11-2018 00:00,202.62,375.88,112.36,18.66,2.14,36.16,1.14,284.02,184.51,22.62
07-11-2018 00:00,08-11-2018 00:00,238.31,431.19,127.31,19.62,3.25,34.67,0.6,262.54,178.06,21.56
08-11-2018 00:00,09-11-2018 00:00,503.94,722.05,189.67,24.93,4.72,48.8,0.33,204.18,176.59,20.3
09-11-2018 00:00,10-11-2018 00:00,443,708.55,253.33,20.35,5.07,50.03,0.32,225.31,178.17,21.55
10-11-2018 00:00,11-11-2018 00:00,376.11,631.05,275.68,19.53,4.86,54.24,0.5,149.87,176.11,21.24
11-11-2018 00:00,12-11-2018 00:00,345.6,579.75,233.31,20.31,4.5,52.34,0.43,173.18,174.88,22.58
12-11-2018 00:00,13-11-2018 00:00,358.78,631.59,174.2,31.8,4.42,56.97,0.53,125.78,173.62,22.57
13-11-2018 00:00,14-11-2018 00:00,332.9,557.94,141,16.96,3.11,58.25,0.75,127.45,161.58,22.32
14-11-2018 00:00,15-11-2018 00:00,169.27,278.91,119.4,22.22,2.36,59.65,0.84,136.8,173.08,22.68
15-11-2018 00:00,16-11-2018 00:00,115.82,227.17,102.12,22.51,1.97,57.34,0.73,208.05,178.86,22.32
16-11-2018 00:00,17-11-2018 00:00,141.71,290.95,116.02,18.72,2.19,46.31,1.11,281.16,182.8,21.26
17-11-2018 00:00,18-11-2018 00:00,184.16,417.52,140.95,7.4,3.93,47.66,0.58,266.64,181.6,20.97
18-11-2018 00:00,19-11-2018 00:00,211.56,429.45,126.34,9.16,3.72,49.94,0.81,134.5,178.63,21.7
19-11-2018 00:00,20-11-2018 00:00,225.89,354.41,88.26,3.77,3.83,50.27,1.51,90.84,169.41,22.09
20-11-2018 00:00,21-11-2018 00:00,268.73,490.73,151.83,10.31,4.04,54.56,0.46,205.79,175.16,22.48
21-11-2018 00:00,22-11-2018 00:00,236.23,497.73,145.3,8.07,4.26,46.58,0.52,261.57,176.16,21.93
22-11-2018 00:00,23-11-2018 00:00,176.23,486.07,160.92,9.72,4.58,42.31,0.33,229.24,172.88,21.7
23-11-2018 00:00,24-11-2018 00:00,209.58,464.41,121.3,7.95,3.22,42.25,0.8,263.21,174.92,21.76
24-11-2018 00:00,25-11-2018 00:00,125.04,330.34,104.84,6.92,2.76,41.26,1.01,270.6,177.55,21.22
25-11-2018 00:00,26-11-2018 00:00,195.4,480.39,141.62,13.05,3.21,46.06,0.45,256.44,174.24,20.91
26-11-2018 00:00,27-11-2018 00:00,256.43,528.72,160.67,14.38,3.26,53.25,0.42,224.3,171.24,20.9
27-11-2018 00:00,28-11-2018 00:00,253.29,524.88,152.2,11.28,3.4,53.75,0.66,170.41,169.92,21.24
28-11-2018 00:00,29-11-2018 00:00,242.94,496.57,120.17,10.27,3.39,57.29,0.44,178.72,164.16,21.31
29-11-2018 00:00,30-11-2018 00:00,299.03,563.42,133.45,5.53,4.1,57.88,0.46,247.72,167.4,20.68
30-11-2018 00:00,01-12-2018 00:00,238.5,501.49,118.97,4.15,3.3,52.58,0.52,262.17,169.32,20.29
01-12-2018 00:00,02-12-2018 00:00,180.43,443.86,120.3,6.28,2.21,49.12,0.51,258.06,169.65,19.7
02-12-2018 00:00,03-12-2018 00:00,266.94,542.49,151.68,11.51,5.91,49.63,0.37,218.69,165.99,19.39
03-12-2018 00:00,04-12-2018 00:00,272.49,532.82,129.4,9.01,1.95,49.31,0.39,247.69,164.95,19.4
04-12-2018 00:00,05-12-2018 00:00,333.27,605.89,139.13,18.97,3.77,53.92,0.36,220.79,165.34,18.91
05-12-2018 00:00,06-12-2018 00:00,257.87,493.51,115.77,24.58,3.92,53.97,0.41,254.72,165.06,18.64
06-12-2018 00:00,07-12-2018 00:00,305.74,576.29,124.35,27.94,4.48,55.67,0.39,202.94,161.26,18.15
07-12-2018 00:00,08-12-2018 00:00,245.19,513.1,134.35,22.48,3.67,55,0.51,251.34,162.17,17.78
08-12-2018 00:00,09-12-2018 00:00,258.36,500.84,138.29,23.12,4,53.66,0.36,221.71,162.03,17.76
09-12-2018 00:00,10-12-2018 00:00,298.88,530.17,145.39,29.87,3.7,49.59,0.33,192.8,158.26,17.41
10-12-2018 00:00,11-12-2018 00:00,334.42,525.67,115.08,27.51,4.17,54.92,0.66,114.92,159.05,16.94
11-12-2018 00:00,12-12-2018 00:00,344,580.09,117.2,24.21,4.42,60.34,0.45,137.63,156.26,16.83
12-12-2018 00:00,13-12-2018 00:00,233.11,362.68,82.41,21.65,3.51,57.05,1.02,110.48,145.21,17.4
13-12-2018 00:00,14-12-2018 00:00,110.43,181.06,75.08,15.55,2.09,60.74,0.58,248.6,175.16,16.54
14-12-2018 00:00,15-12-2018 00:00,118.47,214.34,96.99,16.17,3.07,57.69,0.57,288.03,175.89,16.74
15-12-2018 00:00,16-12-2018 00:00,129.48,233.55,108.7,16.09,1.45,55.58,0.6,285.19,176.62,16.68
16-12-2018 00:00,17-12-2018 00:00,180.36,339.72,125.57,17.16,2.91,53.67,0.46,256.7,174.73,16.26
17-12-2018 00:00,18-12-2018 00:00,187.88,366.85,127.98,19.33,3.37,50.5,0.49,241.72,171.82,15.67
18-12-2018 00:00,19-12-2018 00:00,221.27,420.59,147.62,19.59,3.45,47.48,0.65,279.48,174.67,15.75
19-12-2018 00:00,20-12-2018 00:00,258.56,442.49,158.73,20.33,3.35,50.47,0.46,261.42,173.45,15.61
20-12-2018 00:00,21-12-2018 00:00,322.86,552.34,159.28,20.17,3.97,52.08,0.41,253.78,180.3,15.21
21-12-2018 00:00,22-12-2018 00:00,301.34,493.56,180.91,14.76,4.04,60.21,0.74,200.12,177.08,14.04
22-12-2018 00:00,23-12-2018 00:00,442.95,617.64,179.55,15.85,3.6,55.89,0.34,209.22,169.8,13.99
23-12-2018 00:00,24-12-2018 00:00,564.15,651.59,162.75,19,3.28,58.48,0.51,175.02,172.02,14.17
24-12-2018 00:00,25-12-2018 00:00,557.14,556.83,145.06,15.81,4.28,57.86,0.49,229.36,166.33,14.43
25-12-2018 00:00,26-12-2018 00:00,278.46,430.01,125.25,9.62,3.02,57.34,0.71,276.3,171.04,13.98
26-12-2018 00:00,27-12-2018 00:00,302.2,484.05,144.32,12,2.67,52.57,0.44,256.62,171.34,13.8
27-12-2018 00:00,28-12-2018 00:00,361.68,505.95,131.05,18.09,3.8,48.47,0.53,210.87,167.58,14.18
28-12-2018 00:00,29-12-2018 00:00,274.34,424.69,117.15,8.68,4.05,53.86,0.75,275.33,170.38,13.1
29-12-2018 00:00,30-12-2018 00:00,330.41,536.31,146.57,15.93,3.27,52.78,0.57,255.61,169.94,13.02
30-12-2018 00:00,31-12-2018 00:00,521.26,597.78,181.95,16.72,3.27,53.3,0.32,239.02,160.35,14.13
31-12-2018 00:00,31-12-2018 15:42,472.05,545.19,141.83,14.3,2.6,55.15,0.62,243.36,223.35,14.41
01-01-2019 00:00,02-01-2019 00:00,380.23,555.57,146.5,15.56,4.52,52.34,0.38,233.49,168.85,14.71
02-01-2019 00:00,03-01-2019 00:00,418.47,622.37,132.76,14.59,4.35,56.24,0.58,146.69,167.39,15.62
03-01-2019 00:00,04-01-2019 00:00,412.89,570.4,134.3,9.99,4.05,58.26,0.61,271.35,167.43,15.33
04-01-2019 00:00,05-01-2019 00:00,291.95,431.19,107.19,5.81,3.57,62.09,0.39,245.19,165.82,13.52
05-01-2019 00:00,06-01-2019 00:00,241.67,343.16,85.87,6.63,4.49,56.11,1.15,90.49,170.78,14.92
06-01-2019 00:00,07-01-2019 00:00,191.85,275.35,88.34,5.15,3.6,63.14,0.68,195.79,147.22,14.63
07-01-2019 00:00,08-01-2019 00:00,197.84,303.64,111.34,7.88,2.16,61.97,0.53,270.66,173.52,14.86
08-01-2019 00:00,09-01-2019 00:00,152.66,246.71,97.46,7.22,1.88,58.04,0.71,286.08,171.11,14.94
09-01-2019 00:00,10-01-2019 00:00,155.26,276.36,103.86,8.46,2.07,51.77,0.97,280.98,174.86,15.02
10-01-2019 00:00,11-01-2019 00:00,205.47,395.21,125.18,10.76,2.76,51.59,0.48,255.09,174.84,15.13
11-01-2019 00:00,12-01-2019 00:00,350.48,481.84,128.36,17.93,3.35,54.06,0.51,163.83,170.26,14.6
12-01-2019 00:00,13-01-2019 00:00,445.31,567.91,151.62,14.58,3.74,55.07,0.63,150.94,170.87,15.49
13-01-2019 00:00,14-01-2019 00:00,312.21,448.88,119.43,10.23,3.99,55.01,0.61,220.05,168.4,16.83
14-01-2019 00:00,15-01-2019 00:00,93.93,193.79,89.64,7.31,2.38,43.82,1.28,284.9,177.95,14.72
15-01-2019 00:00,16-01-2019 00:00,145.29,279.31,104.95,9.28,2.97,47.21,0.9,267.54,175.95,12.85
16-01-2019 00:00,17-01-2019 00:00,326.42,501.58,128.16,13.75,3.14,53.71,0.59,148.61,174.98,13.44
17-01-2019 00:00,18-01-2019 00:00,408.33,574.88,117.88,12.42,2.67,53.48,0.4,207.82,175.02,14.96
18-01-2019 00:00,19-01-2019 00:00,264.69,456.85,None,11.02,None,54.28,0.51,257.08,176.48,14.96
19-01-2019 00:00,20-01-2019 00:00,345.16,573.33,182.92,13.44,4.5,50.38,0.37,243.76,171.67,16.72
20-01-2019 00:00,21-01-2019 00:00,400.89,606.13,200.35,18.28,3.27,51.9,0.4,193.33,174.88,19.31
21-01-2019 00:00,22-01-2019 00:00,169.11,316.52,96.81,7.33,1.57,60.96,2.28,106.34,137.54,17.19
22-01-2019 00:00,23-01-2019 00:00,56.68,72.15,66.75,5.76,4.96,74.58,1.44,117.48,146.63,14.74
23-01-2019 00:00,24-01-2019 00:00,166.89,285.28,96.44,8.31,None,68.07,0.49,223.45,187.93,15.1
24-01-2019 00:00,25-01-2019 00:00,133.97,246.38,75.47,9.06,3.73,61.35,0.86,186.07,174.23,15.93
25-01-2019 00:00,26-01-2019 00:00,78.64,157.31,81.02,6.12,4.54,59.41,0.7,257.34,185.54,15.14
26-01-2019 00:00,27-01-2019 00:00,94.48,186.53,82.99,8.23,3.23,48.79,0.88,279.47,190.95,14.31
27-01-2019 00:00,28-01-2019 00:00,127.48,241.48,87.18,7.26,2.43,49.7,0.92,285.85,190.7,12.61
28-01-2019 00:00,29-01-2019 00:00,122.43,237.83,94.5,7.24,3.05,44.71,1.15,285.58,192.06,13.51
29-01-2019 00:00,30-01-2019 00:00,150.93,302.2,102.31,12.06,2.35,45.28,0.87,281.94,191.83,14.37
30-01-2019 00:00,31-01-2019 00:00,239.03,466.81,118.05,32.73,2.49,44.95,0.46,248.45,186.72,15.09
31-01-2019 00:00,01-02-2019 00:00,231.24,409.26,82.29,21.9,1.62,48.32,1.41,114.48,176.76,15.61
01-02-2019 00:00,02-02-2019 00:00,202.11,311.17,72.87,22.55,1.84,57.82,1.01,184.85,182.06,16.09
02-02-2019 00:00,03-02-2019 00:00,218.75,343.06,67.91,6.38,1.87,70.99,0.89,280.85,178.83,12.96
03-02-2019 00:00,04-02-2019 00:00,161.82,286.77,58.2,8.11,3.09,69.96,0.52,273,174.8,14.16
04-02-2019 00:00,05-02-2019 00:00,197.05,403.18,128.46,12.72,2.83,61.51,0.4,234.1,181.86,15.81
05-02-2019 00:00,06-02-2019 00:00,429.5,712.24,135.44,31.98,4.19,65.68,0.54,146.01,132.38,15.72
06-02-2019 00:00,07-02-2019 00:00,185.3,291.66,87.71,11.24,1.25,65.52,1.6,104.61,178.32,18.97
07-02-2019 00:00,08-02-2019 00:00,70.83,None,68.31,6.76,0.8,74.31,2.65,128.82,110.1,16.27
08-02-2019 00:00,09-02-2019 00:00,96.89,None,99.51,12.63,1.34,56.68,0.87,240.46,194.02,15.38
09-02-2019 00:00,10-02-2019 00:00,79.52,None,101.62,14.8,1.33,52.48,1.29,286.65,197.79,15.09
10-02-2019 00:00,11-02-2019 00:00,121.83,None,128.13,17.62,1.67,51.43,0.67,274.04,196.34,15.78
11-02-2019 00:00,12-02-2019 00:00,159.48,None,137.33,19.86,1.77,51.8,0.37,213.18,188.82,16.58
12-02-2019 00:00,13-02-2019 00:00,225.55,None,135.27,32.05,2.3,53.83,0.41,183.23,182.13,18.18
13-02-2019 00:00,14-02-2019 00:00,222.12,None,124.67,24.15,2.52,53.89,0.55,140.5,186.34,19.3
14-02-2019 00:00,15-02-2019 00:00,169.65,None,80.33,11.99,1.67,64.06,2.06,117.22,156,17.72
15-02-2019 00:00,16-02-2019 00:00,131.03,247.19,78.3,27.19,1.4,63.81,0.82,201.13,188.07,17.65
16-02-2019 00:00,17-02-2019 00:00,131.54,240.1,70.49,9,1.52,70.13,0.87,286.24,180.56,15.89
17-02-2019 00:00,18-02-2019 00:00,116.31,272.69,94.05,9.55,1.8,61.54,0.85,273.75,195.98,16.99
18-02-2019 00:00,19-02-2019 00:00,110.02,248.14,88.53,15.76,1.83,50.99,1.3,139.17,194.77,18.89
19-02-2019 00:00,20-02-2019 00:00,138.92,300.69,101.04,20.71,3.02,60.46,0.6,140.67,193.43,19.49
20-02-2019 00:00,21-02-2019 00:00,102.17,204.35,79.56,27.88,1.39,64.54,1.16,99.3,161.77,18.69
21-02-2019 00:00,22-02-2019 00:00,81.47,252.04,77.46,24.76,2.18,53.52,1.27,112.04,199.1,21.43
22-02-2019 00:00,23-02-2019 00:00,85.93,253.92,70.96,8.52,1.62,54.16,1.72,285.7,190.01,20.3
23-02-2019 00:00,24-02-2019 00:00,55.89,169.1,77.79,11.44,1.84,47.69,1.84,286.41,194.43,17.43
24-02-2019 00:00,25-02-2019 00:00,84.85,213.3,102.27,15,2.15,43.49,0.78,255.02,197.71,18.9
25-02-2019 00:00,26-02-2019 00:00,116.28,229.35,103.97,26.1,1.58,51.32,0.82,128.08,186.58,17.71
26-02-2019 00:00,27-02-2019 00:00,70.24,161.39,73.72,20.78,1.08,55.71,1.24,124.33,191.72,15.6
27-02-2019 00:00,28-02-2019 00:00,94.97,165.37,70.26,15.42,1.06,64.72,0.59,203.56,129.06,13.41
28-02-2019 00:00,01-03-2019 00:00,129.23,327.33,91.9,16.75,1.84,51.6,1,243.9,205.86,16.12
01-03-2019 00:00,02-03-2019 00:00,99.01,277.17,102.33,16.55,1.45,45.26,0.68,259.27,203.26,18.12
02-03-2019 00:00,03-03-2019 00:00,117.66,228.2,101.77,24.98,1.48,58.86,0.62,148.79,155.43,16.06
03-03-2019 00:00,04-03-2019 00:00,71.49,153.04,67.83,16.02,1.44,68.03,0.92,120.45,190.95,16.89
04-03-2019 00:00,05-03-2019 00:00,117.36,308.89,85.69,11.74,1.45,64.48,0.87,244.78,202.23,19.45
05-03-2019 00:00,06-03-2019 00:00,71.04,245.83,81.45,11.02,2.33,55.37,1.03,286.85,202.99,18.96
06-03-2019 00:00,07-03-2019 00:00,96.88,306.96,87.8,12.42,2.05,48.78,0.9,264.53,205.02,19.73
07-03-2019 00:00,08-03-2019 00:00,119.33,399.85,108.4,14.71,1.72,46.14,0.53,237.12,201.98,20.75
08-03-2019 00:00,09-03-2019 00:00,133.31,333.99,98.09,20.32,1.9,45.15,0.59,209.72,200.56,21.39
09-03-2019 00:00,10-03-2019 00:00,80.83,221.22,76.35,16.05,1.33,43.03,1.13,266.47,199.68,21.54
10-03-2019 00:00,11-03-2019 00:00,77.09,244.3,90.53,16.14,1.6,36.64,0.68,228.74,212.67,22.1
11-03-2019 00:00,12-03-2019 00:00,89.49,246.5,74.32,24.68,2.4,39.71,1.88,116.03,200.41,22.75
12-03-2019 00:00,13-03-2019 00:00,60.35,162.42,64.5,14.46,2.31,42.66,0.95,236.96,201.61,22.51
13-03-2019 00:00,14-03-2019 00:00,112.45,296.41,79.23,24.77,3.67,42.94,0.43,184.41,194.12,20.83
14-03-2019 00:00,15-03-2019 00:00,144.6,287.65,62.27,22.46,3.79,51.82,1.12,193.03,193.31,19.18
15-03-2019 00:00,16-03-2019 00:00,74.93,174.43,71.7,19.25,1,47.99,0.99,265.04,209.12,20.67
16-03-2019 00:00,17-03-2019 00:00,70.14,182.56,78.2,13.48,1.89,42.1,1.02,275.82,212.45,21.76
17-03-2019 00:00,18-03-2019 00:00,96.2,237.29,91.18,15.81,3.45,39.79,0.74,259.85,204.4,23.05
18-03-2019 00:00,19-03-2019 00:00,112.42,268.06,105.15,18.45,2.69,40.39,0.69,255.51,208.13,23.49
19-03-2019 00:00,20-03-2019 00:00,159.31,295.15,103.66,20.81,1.63,37.04,0.66,222.92,202.97,25.6
20-03-2019 00:00,21-03-2019 00:00,132.17,266.73,84.65,23.56,2.5,33.52,1.35,116.59,200.57,26.9
21-03-2019 00:00,22-03-2019 00:00,329.25,211.46,51.2,23.03,2.21,35.79,0.62,196.81,203.28,26.35
22-03-2019 00:00,23-03-2019 00:00,35.63,160.49,62.16,14.95,1.53,31.14,1.64,278.71,207.91,25.04
23-03-2019 00:00,24-03-2019 00:00,69.23,202.84,62.47,15.41,2.16,34.12,1.99,286.05,210.07,24.98
24-03-2019 00:00,25-03-2019 00:00,57.34,180.4,67.35,23.47,1.72,35.29,1.22,273.48,205.96,26.09
25-03-2019 00:00,26-03-2019 00:00,73.02,206.28,66.6,20.6,1.15,43.76,1.2,271.03,199.18,24.54
26-03-2019 00:00,27-03-2019 00:00,72.42,213.28,77.71,18.91,1.74,40.67,1.19,284.78,208.56,25.03
27-03-2019 00:00,28-03-2019 00:00,80.28,285.21,90.8,17.66,2.07,36.81,0.84,266.39,206.99,26.4
28-03-2019 00:00,29-03-2019 00:00,158.64,401.28,92.62,27.67,2.58,38.01,0.46,222.16,205.61,28.62
29-03-2019 00:00,30-03-2019 00:00,187.6,421.46,105.13,21.77,1.93,40.96,0.49,196.37,201.51,30.73
30-03-2019 00:00,31-03-2019 00:00,153.15,359.43,80.4,32.04,2.24,36.63,0.54,185.59,191.38,32.27
31-03-2019 00:00,31-03-2019 15:54,69.84,255.14,61.62,25.01,1.57,31.37,1.62,254.62,255.64,30.36
01-04-2019 00:00,02-04-2019 00:00,53.22,204.24,74.25,16.14,1.35,29.41,1.61,279.92,207.49,28.81
02-04-2019 00:00,03-04-2019 00:00,104.16,289.34,92.16,22,1.94,29.82,0.68,227.59,204.12,29.5
03-04-2019 00:00,04-04-2019 00:00,96.31,278.39,96.3,21.8,2.14,28.71,0.66,217.81,206.05,30.45
04-04-2019 00:00,05-04-2019 00:00,155.54,374.47,118.42,38.27,2.6,31.45,0.68,168.66,202.02,31.84
05-04-2019 00:00,06-04-2019 00:00,182.66,446.4,116.12,48.16,3.07,31.66,0.82,170.61,200.11,32.93
06-04-2019 00:00,07-04-2019 00:00,126.6,398.56,87.36,31.63,1.83,30.66,1.01,156.36,201.21,33.28
07-04-2019 00:00,08-04-2019 00:00,151.64,351.94,58.56,27.24,1.72,46.61,2.49,114.1,206.17,30.58
08-04-2019 00:00,09-04-2019 00:00,91.15,355.31,81.03,26.95,2.19,39.96,1.17,137.11,209.03,29.21
09-04-2019 00:00,10-04-2019 00:00,102.12,297.56,95.09,35.41,2.01,36.1,0.78,134.28,210.1,30.58
10-04-2019 00:00,11-04-2019 00:00,149.35,407.53,101.96,31.36,2.69,32.75,0.65,222.15,206.99,33.28
11-04-2019 00:00,12-04-2019 00:00,88.56,277.16,90.69,26.01,2.06,27.43,0.61,215.12,206.75,34.11
12-04-2019 00:00,13-04-2019 00:00,83.48,294.5,85.73,25.84,1.81,32.51,0.95,227.52,204.62,31.87
13-04-2019 00:00,14-04-2019 00:00,69.25,230.44,73.64,24.81,1.86,28.44,1.3,247.86,211.14,32.87
14-04-2019 00:00,15-04-2019 00:00,51.41,202.18,73.74,20.38,1.8,27.28,1.39,277.1,211.67,33.3
15-04-2019 00:00,16-04-2019 00:00,59.67,259.68,88.42,18.37,2.38,24,1.17,255.04,210.84,35.13
16-04-2019 00:00,17-04-2019 00:00,57.91,196.43,51.56,12.06,2.28,45.36,2.56,181.69,191.14,26.33
17-04-2019 00:00,18-04-2019 00:00,28.19,119.6,51.97,9.88,1.79,34.08,1.99,138.81,202.95,23.85
18-04-2019 00:00,19-04-2019 00:00,56.27,151.07,75.18,17.75,1.97,2.5,0.73,189.95,222.96,26.15
19-04-2019 00:00,20-04-2019 00:00,82.42,238.29,93.38,19.46,1.97,2.5,0.7,254.35,219.5,28.89
20-04-2019 00:00,21-04-2019 00:00,106.17,284.74,128.15,22.16,2.08,2.5,0.55,250.16,216.78,30.86
21-04-2019 00:00,22-04-2019 00:00,122.11,321.78,125.11,22.47,2.85,2.5,0.77,223.21,213.6,33.07
22-04-2019 00:00,23-04-2019 00:00,143.57,349.79,114.37,53,3.1,2.5,0.73,179.74,211.46,33.89
23-04-2019 00:00,24-04-2019 00:00,128.3,391.81,130.95,35.45,2.74,2.5,0.76,197.39,218.78,35.95
24-04-2019 00:00,25-04-2019 00:00,112.82,343.43,91.99,18.61,1.84,2.5,1.28,120.3,175.78,35.07
25-04-2019 00:00,26-04-2019 00:00,94.85,300.46,78.82,19.53,2.59,2.5,1.33,111.14,204.19,34.79
26-04-2019 00:00,27-04-2019 00:00,110.46,308.84,118.4,34.89,2.19,2.5,0.82,246.07,212.84,35.75
27-04-2019 00:00,28-04-2019 00:00,64.02,324.65,87.62,19.62,1.77,2.5,1.97,282.19,215.63,36.32
28-04-2019 00:00,29-04-2019 00:00,66.28,294.96,89.39,21.9,2.06,2.5,1.55,284.26,216.04,36.26
29-04-2019 00:00,30-04-2019 00:00,84.86,307.45,104.33,31.41,2.28,2.5,0.68,248.63,213.65,37.06
30-04-2019 00:00,01-05-2019 00:00,118.26,325.15,99.78,37.39,2.14,2.5,1.12,126.23,210.34,37.58
01-05-2019 00:00,02-05-2019 00:00,147.84,377.1,118.24,45.17,2.02,2.5,0.48,176.24,210.56,36.28
02-05-2019 00:00,03-05-2019 00:00,86.18,301.29,64,29.92,2.53,2.5,1.76,126.34,201.57,32.92
03-05-2019 00:00,04-05-2019 00:00,73.69,185.28,74.28,30.84,2.17,2.5,1.2,161,205.28,32.11
04-05-2019 00:00,05-05-2019 00:00,82.8,250.25,85.04,19.31,1.94,2.5,0.88,261.58,249.83,33.39
05-05-2019 00:00,06-05-2019 00:00,93.39,319.78,None,23.52,4.17,2.5,1.51,254.53,243.53,37.71
06-05-2019 00:00,07-05-2019 00:00,131.64,390.57,144.84,22.23,1.82,2.5,1.31,263.82,272.19,35.77
07-05-2019 00:00,08-05-2019 00:00,129.28,494.63,85.72,21.88,3.22,2.5,1.32,260.09,240.94,39.28
08-05-2019 00:00,09-05-2019 00:00,297.86,538.28,83.52,21.27,2.41,2.5,1.16,252.22,214.3,36.96
09-05-2019 00:00,10-05-2019 00:00,200.22,494.85,76.88,17.62,2.77,2.5,1.08,266.51,212,37.16
10-05-2019 00:00,11-05-2019 00:00,162.39,367.4,81.54,15.98,1.44,2.5,1.12,250.93,209.51,36.95
11-05-2019 00:00,12-05-2019 00:00,151.4,372.25,97.84,19.89,1.94,2.5,1.07,255,217.82,35.31
12-05-2019 00:00,13-05-2019 00:00,220.74,431.73,91.47,16.7,1.48,2.5,1.43,265.48,218.76,34.62
13-05-2019 00:00,14-05-2019 00:00,231.29,455.86,98.6,35.61,1.72,2.5,1.01,229.06,207.45,34.44
14-05-2019 00:00,15-05-2019 00:00,88.56,212.31,88.95,17.14,1.83,2.5,0.6,207.15,221.09,31.89
15-05-2019 00:00,16-05-2019 00:00,119.8,224.78,76.43,38.54,1.63,2.53,1.09,123.8,198.27,30.18
16-05-2019 00:00,17-05-2019 00:00,81.9,230.6,126.17,22.8,1.8,2.5,1.04,193.86,216.18,31.29
17-05-2019 00:00,18-05-2019 00:00,86.85,352.11,92.68,17.41,1.67,2.54,1.08,198.3,206.71,29.72
18-05-2019 00:00,19-05-2019 00:00,44.74,113.95,99.02,9.7,1.95,2.51,1.11,281.91,231.86,28.76
19-05-2019 00:00,20-05-2019 00:00,79.23,178.74,131.09,13.71,None,2.5,0.94,281.62,223.36,33.2
20-05-2019 00:00,21-05-2019 00:00,106.28,226.2,140.61,14.62,1.83,2.5,0.93,263.58,219.72,35.42
21-05-2019 00:00,22-05-2019 00:00,78.77,175.98,123.46,16.29,2.48,2.5,0.73,266.78,219.96,36.76
22-05-2019 00:00,23-05-2019 00:00,78.4,201.22,121.71,13.99,2.42,2.5,0.54,261.24,206.01,35.34
23-05-2019 00:00,24-05-2019 00:00,104.44,204.68,117.67,18.33,2.91,2.5,0.82,252.1,198.82,34.9
24-05-2019 00:00,25-05-2019 00:00,64.44,122.1,68.05,12.54,2.16,2.56,1.21,238.93,221.59,30.38
25-05-2019 00:00,26-05-2019 00:00,39.74,112.66,75.91,10.06,1.72,2.5,1.74,292.89,223.59,None
26-05-2019 00:00,27-05-2019 00:00,53.52,112.33,107.15,14.02,1.94,2.5,1.13,271.72,222.19,None
27-05-2019 00:00,28-05-2019 00:00,83.08,200.97,117.22,14.84,2.02,2.5,1.08,264.51,216.94,None
28-05-2019 00:00,29-05-2019 00:00,69.32,259.33,121.73,18.07,2.2,2.5,1.14,277.96,217.78,None
29-05-2019 00:00,30-05-2019 00:00,85.19,301.45,128.91,17.7,2.54,2.5,0.8,258.52,215.98,None
30-05-2019 00:00,31-05-2019 00:00,94.48,344.62,123.56,18.46,2.85,2.51,0.86,267.44,212.81,None
31-05-2019 00:00,01-06-2019 00:00,98.49,439.14,113.59,19.63,2.3,2.5,0.94,215.6,214.63,None
01-06-2019 00:00,02-06-2019 00:00,113.05,369.44,88.76,28.22,1.98,2.5,1.7,109.57,216.84,None
02-06-2019 00:00,03-06-2019 00:00,78.23,237.9,58.78,10.74,1.97,2.5,2.61,99.41,217.43,None
03-06-2019 00:00,04-06-2019 00:00,67.74,341.61,41.61,8.17,1.81,2.5,3.49,94.16,220.9,None
04-06-2019 00:00,05-06-2019 00:00,56.99,184.2,59.32,9.99,2.6,2.5,2.51,99.22,220.37,None
05-06-2019 00:00,06-06-2019 00:00,75.75,239.83,68.19,16.23,1.89,2.5,1.25,133.66,216.66,None
06-06-2019 00:00,07-06-2019 00:00,84.33,284.06,93.79,18.81,1.85,2.5,1.25,165.95,210.61,None
07-06-2019 00:00,08-06-2019 00:00,61.43,165.27,75.49,10.92,1.93,2.5,1.28,119.97,220.81,None
08-06-2019 00:00,09-06-2019 00:00,87.26,257.33,120.68,16.31,2.56,11.09,0.71,185.81,211.02,39.65
09-06-2019 00:00,10-06-2019 00:00,137.4,411.76,141.52,31.8,2.62,31.68,0.58,190.37,211.83,36.01
10-06-2019 00:00,11-06-2019 00:00,101.17,384.26,132.17,16.69,2.34,32.24,0.64,239.02,192.19,39.39
11-06-2019 00:00,12-06-2019 00:00,125.11,531.19,109.68,15.67,2.65,22.36,0.91,231.15,211.75,39.25
12-06-2019 00:00,13-06-2019 00:00,73.93,255.15,55.07,12.8,2.27,38.31,2.69,123,223.84,37.89
13-06-2019 00:00,14-06-2019 00:00,62.07,215.07,82.08,12.5,2.78,37.16,0.9,199.66,215.54,37.32
14-06-2019 00:00,15-06-2019 00:00,58.38,256.45,99.21,12,1.98,31.86,1.14,283.26,217.86,38.71
15-06-2019 00:00,16-06-2019 00:00,89.36,371.77,113.31,17.36,1.95,29.39,1.24,275.55,215.46,39.08
16-06-2019 00:00,17-06-2019 00:00,46.55,231.18,59.04,7.47,1.59,42.18,1.85,279,211.06,32.9
17-06-2019 00:00,18-06-2019 00:00,51.95,200.57,91.61,6,2.99,43.06,1.35,251.28,214.26,31.39
18-06-2019 00:00,19-06-2019 00:00,40,207.73,92.25,8.24,3.36,53.1,1.21,255.06,203.69,27.42
19-06-2019 00:00,20-06-2019 00:00,117.86,319.86,89,9.75,2.15,47.58,0.97,157.86,219.29,31.58
20-06-2019 00:00,21-06-2019 00:00,54.58,169.06,77.6,8.94,1.93,44.94,1,157.94,223.52,33.23
21-06-2019 00:00,22-06-2019 00:00,79.38,218.66,89.3,9.12,2.1,43.07,0.81,151.93,217.25,35.34
22-06-2019 00:00,23-06-2019 00:00,74.72,220.01,95.98,9.83,2.27,38.12,1.08,181.76,218.81,36.87
23-06-2019 00:00,24-06-2019 00:00,35.38,138.86,40.42,7.99,1.46,46.68,2.7,96.6,222.13,34.41
24-06-2019 00:00,25-06-2019 00:00,21.83,86.36,45.12,6.76,2.17,53.85,2.5,90.85,213.93,30.54
25-06-2019 00:00,26-06-2019 00:00,46.09,132.3,70,7.25,1.95,48.32,0.86,135.01,214.56,34.12
26-06-2019 00:00,27-06-2019 00:00,74.18,214.26,96.51,8.09,2.22,42.81,0.73,228.76,213.61,37.4
27-06-2019 00:00,28-06-2019 00:00,70.92,305.25,96.64,9.6,2.5,40.7,1.14,269.4,212.84,36.47
28-06-2019 00:00,29-06-2019 00:00,65.36,311.5,83.2,7.21,2.87,38.35,1.35,290.16,217.61,37.35
29-06-2019 00:00,30-06-2019 00:00,67.65,344.47,82.46,7.1,1.84,35.78,1.11,262.08,218.59,39.28
30-06-2019 00:00,30-06-2019 15:59,86.5,362.52,75.74,15.15,1.63,36.86,1.46,223.8,252.29,39.1
01-07-2019 00:00,02-07-2019 00:00,89.83,260.7,75.17,8.97,1.9,40.01,0.79,175.22,210.55,37.61
02-07-2019 00:00,03-07-2019 00:00,88.68,281.86,67.64,8.3,2.12,43.67,1.31,192.76,216.05,36.23
03-07-2019 00:00,04-07-2019 00:00,36.94,118.2,40.6,7.77,1.64,47.24,1.81,105.76,215.89,35.03
04-07-2019 00:00,05-07-2019 00:00,46.75,108.23,38.43,6.87,2.16,57.87,1.14,152.19,169.46,31.1
05-07-2019 00:00,06-07-2019 00:00,80.53,153.18,52.91,7.24,2.37,60.06,1.09,181.4,199.15,29.8
06-07-2019 00:00,07-07-2019 00:00,30.78,84.07,38.06,7.85,1.71,54.23,1.76,113.16,222.64,32.09
07-07-2019 00:00,08-07-2019 00:00,49.01,122.45,59.7,8.29,2.64,53.1,0.76,169.11,213.37,33.01
08-07-2019 00:00,09-07-2019 00:00,60.39,173.84,64.1,7.76,1.94,51.58,1.2,175.25,215.45,33.73
09-07-2019 00:00,10-07-2019 00:00,46.42,151.86,53.2,7.09,2.61,55.78,0.95,186.33,210.53,31.21
10-07-2019 00:00,11-07-2019 00:00,80.77,457.32,60.19,6.72,2.21,53.01,1.12,185.17,215.51,33.96
11-07-2019 00:00,12-07-2019 00:00,82.64,426.17,61.88,7.56,2.02,47.32,1.2,214.05,212.93,35.63
12-07-2019 00:00,13-07-2019 00:00,87.02,483.64,46.92,8.36,1.32,50.05,1.31,193.41,214.85,35.04
13-07-2019 00:00,14-07-2019 00:00,80.02,437.29,49.62,7.67,2.94,44.03,1.67,207.4,255.43,36.86
14-07-2019 00:00,15-07-2019 00:00,63.97,312.33,50.18,8.59,1.52,47.61,1.31,176.47,211.05,33.52
15-07-2019 00:00,16-07-2019 00:00,40.3,150.55,39.65,7.57,2.03,60.08,1.31,123.38,185.53,27.96
16-07-2019 00:00,17-07-2019 00:00,31.49,108.77,50.98,8.5,2.42,60.29,1.25,109.49,215.34,27.59
17-07-2019 00:00,18-07-2019 00:00,41.43,105.3,51.01,7.44,1.69,65.48,0.48,200.99,197.11,26.72
18-07-2019 00:00,19-07-2019 00:00,40.53,128.93,72.68,9.01,1.84,63.83,0.35,207.76,216.53,27.3
19-07-2019 00:00,20-07-2019 00:00,76.91,238.27,66.29,7.07,1.98,55.34,0.68,133.34,218.73,31.78
20-07-2019 00:00,21-07-2019 00:00,56.3,147.38,46.77,9.02,1.47,59.86,0.69,136.26,199.01,30.5
21-07-2019 00:00,22-07-2019 00:00,67.69,155.99,52.01,9.15,2.72,63.19,0.73,126.52,180.7,29.96
22-07-2019 00:00,23-07-2019 00:00,71.85,174.53,49.83,7.7,3.26,61.74,0.56,113.19,213.9,31.08
23-07-2019 00:00,24-07-2019 00:00,87.73,246.08,61.64,9.23,3.72,55.95,0.43,147.52,216.21,33.88
24-07-2019 00:00,25-07-2019 00:00,70.31,232.38,88.85,7.9,2.04,55.93,0.78,182.21,195.37,32.71
25-07-2019 00:00,26-07-2019 00:00,25.33,95.51,57.98,6.27,1.23,63.23,0.69,178.28,186.25,28.12
26-07-2019 00:00,27-07-2019 00:00,26,63.72,39.01,6.54,0.92,66.86,1.04,116.07,214.92,27.34
27-07-2019 00:00,28-07-2019 00:00,23.9,50.74,31.84,6.02,0.72,68.68,1.46,89.22,208.59,26.88
28-07-2019 00:00,29-07-2019 00:00,16,57.93,43.69,7.74,0.96,57.29,2.49,92.7,246.22,31.33
29-07-2019 00:00,30-07-2019 00:00,24.02,71.71,36.5,7.33,1.04,57.2,2.23,88.73,214.53,31.12
30-07-2019 00:00,31-07-2019 00:00,29.07,88.85,40.77,8.07,1.4,58.92,1.53,89.68,201.7,30.36
31-07-2019 00:00,01-08-2019 00:00,28.8,83.7,38.84,8.11,1.31,56.78,1.81,88.42,210.28,31.12
01-08-2019 00:00,02-08-2019 00:00,33.04,88.94,44.29,7.65,0.71,55.28,1.46,90.61,211.17,31.78
02-08-2019 00:00,03-08-2019 00:00,33.06,102.79,45.36,7.65,1.38,60.63,0.87,123.34,203.98,30.18
03-08-2019 00:00,04-08-2019 00:00,39.8,95.82,37.02,7.49,1.61,66.27,0.78,113.75,205.87,27.97
04-08-2019 00:00,05-08-2019 00:00,50.69,121.03,41.17,7.49,1.41,62.74,0.57,125.68,205.21,29.59
05-08-2019 00:00,06-08-2019 00:00,49.98,113.94,50.94,8.49,1.41,61.5,0.62,110.71,202.44,30.57
06-08-2019 00:00,07-08-2019 00:00,37.34,77.25,66.23,6.59,1.72,77.62,0.6,114.3,143.04,30.49
07-08-2019 00:00,08-08-2019 00:00,44.7,115.17,52.51,8.09,3.55,75.85,0.92,111.86,210.38,37.19
08-08-2019 00:00,09-08-2019 00:00,27.74,84.32,37.86,7.09,0.94,68.08,1.15,92.64,205.41,40.13
09-08-2019 00:00,10-08-2019 00:00,16.6,69.65,31.58,8.29,1.44,67.86,3.3,88.82,209.39,37.72
10-08-2019 00:00,11-08-2019 00:00,33,64,None,None,None,91.68,1.1,54.85,4.62,27.93
11-08-2019 00:00,12-08-2019 00:00,30.8,54.06,None,None,None,75.95,1.13,98.13,195.47,31.4
12-08-2019 00:00,13-08-2019 00:00,26.42,96.06,59.02,8.44,1.24,65.06,0.82,224.28,175.68,32.97
13-08-2019 00:00,14-08-2019 00:00,26.9,84.38,56.4,6.52,1.47,60.56,0.8,236.27,169.67,31.82
14-08-2019 00:00,15-08-2019 00:00,49.41,90.6,73.54,8.13,2.01,65.02,0.42,179.22,196.56,31.47
15-08-2019 00:00,16-08-2019 00:00,33.19,78.66,47.93,6.67,0.95,61.03,1.43,109.15,205.09,32.03
16-08-2019 00:00,17-08-2019 00:00,17.62,57,31.77,7.91,1.33,61.47,2.33,91.38,197.8,30.93
17-08-2019 00:00,18-08-2019 00:00,9.42,24.3,24.69,6.54,1.14,69.76,2.26,99.9,175.48,29.15
18-08-2019 00:00,19-08-2019 00:00,20.17,56.75,44.31,6.82,1.47,68.35,0.49,213.56,170.83,29.42
19-08-2019 00:00,20-08-2019 00:00,52.45,178.72,58.1,4.91,1.63,59.38,0.37,220.56,207.94,32.27
20-08-2019 00:00,21-08-2019 00:00,53.27,189.25,50.84,6.9,1.51,57.71,0.74,253.78,203.19,32.67
21-08-2019 00:00,22-08-2019 00:00,64.88,224.62,63.15,5.64,2.17,54.95,0.59,263.08,209.17,33.28
22-08-2019 00:00,23-08-2019 00:00,67.15,219.91,67.35,7.43,1.59,58.46,0.43,230.29,191.44,31.68
23-08-2019 00:00,24-08-2019 00:00,68.53,252.55,78.36,7.53,1.57,57.39,0.36,216.22,201.35,32.48
24-08-2019 00:00,25-08-2019 00:00,85,228.26,78.5,7.25,1.77,63.76,0.35,157.07,191.38,31.17
25-08-2019 00:00,26-08-2019 00:00,39.15,83.22,50.04,7.14,0.99,65.52,0.49,96.09,171.64,30.05
26-08-2019 00:00,27-08-2019 00:00,27.08,96.74,46.3,8.03,0.82,59.25,0.96,96.07,206.9,31.89
27-08-2019 00:00,28-08-2019 00:00,45.62,170.06,58.62,10.44,1.56,54.91,0.62,105.5,202.05,33.4
28-08-2019 00:00,29-08-2019 00:00,38.39,115.79,56.59,9.13,1.06,52.93,0.91,91.42,197.79,34.22
29-08-2019 00:00,30-08-2019 00:00,38.6,110.15,50.43,8.74,1.01,54.32,1.23,100.37,206.05,33.86
30-08-2019 00:00,31-08-2019 00:00,49.16,143.9,59.34,9.04,1.04,54.65,0.58,131.29,199.45,33.76
31-08-2019 00:00,01-09-2019 00:00,65.73,192.17,94.15,8.31,1.18,55.63,0.41,171.18,175.88,33.59
01-09-2019 00:00,02-09-2019 00:00,29.11,88.28,45.63,7.13,1.44,62.08,0.72,103.99,173.25,30.99
02-09-2019 00:00,03-09-2019 00:00,60.69,148.67,54.54,6.94,1.03,57.07,0.4,132.61,195.17,32.94
03-09-2019 00:00,04-09-2019 00:00,79,202.83,66.17,6.78,1.55,56,0.35,177.09,188.98,33.52
04-09-2019 00:00,05-09-2019 00:00,75.79,182.45,54.5,5.31,1.43,59.82,0.92,128.23,187.73,32.38
05-09-2019 00:00,06-09-2019 00:00,33.27,101,34.5,6.79,1.16,58.93,1.05,92.71,201.89,32.39
06-09-2019 00:00,07-09-2019 00:00,38.06,104.92,32.04,10.64,1.64,58.15,0.88,120.09,200.36,32.94
07-09-2019 00:00,08-09-2019 00:00,38.46,105.31,36.99,7.93,1.94,61.07,0.92,122.84,196.81,31.9
08-09-2019 00:00,09-09-2019 00:00,41.93,143.5,38.29,8.87,1.62,57.89,0.52,141.76,193.79,32.77
09-09-2019 00:00,10-09-2019 00:00,68.58,202.52,51.54,8.22,1.85,54.54,0.42,185.15,193.18,33.78
10-09-2019 00:00,11-09-2019 00:00,79.75,218.62,64.73,10.03,1.37,52.27,0.33,138.55,192.84,33.9
11-09-2019 00:00,12-09-2019 00:00,84.88,202.57,74.74,11.77,1.6,51.67,0.44,121.34,192.47,34.61
12-09-2019 00:00,13-09-2019 00:00,53.77,124.27,37.6,7.76,1.07,56.12,1.45,102.71,196.42,33.22
13-09-2019 00:00,14-09-2019 00:00,32.32,83.01,50.78,7.1,1.34,55.89,1.13,94.16,193.76,33.04
14-09-2019 00:00,15-09-2019 00:00,34.68,80.7,36.09,7.37,0.52,57.68,1.55,93.93,192.25,32.12
15-09-2019 00:00,16-09-2019 00:00,39.79,92.94,42.38,7.69,0.94,59.48,0.79,104.1,185.28,31.82
16-09-2019 00:00,17-09-2019 00:00,70.14,185.52,80.03,8.86,1.02,55.14,0.32,183.12,189.74,33.46
17-09-2019 00:00,18-09-2019 00:00,75.49,200.42,72.33,6.53,1.34,52.1,0.45,176.67,191.61,33.76
18-09-2019 00:00,19-09-2019 00:00,32.38,97.71,40.3,6.71,1.39,52.55,1.6,97.34,197.35,31.72
19-09-2019 00:00,20-09-2019 00:00,17.66,62.04,28.29,5.36,1.46,57.93,2,91.8,183.23,30.17
20-09-2019 00:00,21-09-2019 00:00,40.44,113.86,40.99,7.22,1.97,55.24,0.9,103.12,191.59,31.29
21-09-2019 00:00,22-09-2019 00:00,38.34,109.24,47.85,9.17,2.08,51.45,0.7,148.86,201.38,32.38
22-09-2019 00:00,23-09-2019 00:00,26.99,82.92,41.41,5.49,1.83,None,1.15,116.95,194.01,None
23-09-2019 00:00,24-09-2019 00:00,31.12,94.18,43.39,6.3,1.66,53.54,0.86,123.62,190.96,25.85
24-09-2019 00:00,25-09-2019 00:00,41.64,120.45,48.16,9.38,1.97,38.3,0.88,133.33,192.17,24.93
25-09-2019 00:00,26-09-2019 00:00,34.61,107.7,43.5,8.86,1.93,34.34,0.69,107.17,115.48,23.73
26-09-2019 00:00,27-09-2019 00:00,25.7,73.78,31.61,9.37,1.78,71.97,1.91,89.39,189.51,30.55
27-09-2019 00:00,28-09-2019 00:00,13.26,62.47,31.49,7.17,2.07,74.51,1.78,90.31,191.66,29.62
28-09-2019 00:00,29-09-2019 00:00,23.45,74.45,30.74,7.95,1.01,75.21,1.61,93.56,187.67,29.35
29-09-2019 00:00,30-09-2019 00:00,14.05,46.19,27.06,4.72,1.76,76.87,1.49,95.57,176.87,28.75
30-09-2019 00:00,30-09-2019 16:02,22.03,56.61,31.17,5.69,1.45,77.21,0.95,115.18,236.98,28.83
01-10-2019 00:00,02-10-2019 00:00,31.6,85.7,37.84,5.71,1.87,74.82,1.11,107.29,193.08,29.63
02-10-2019 00:00,03-10-2019 00:00,45.18,140.93,47.89,5.61,2.63,70.32,0.45,128.63,188.05,30.27
03-10-2019 00:00,04-10-2019 00:00,76.57,209.86,70.59,10.1,2.75,68.69,0.43,134.08,182.27,30.51
04-10-2019 00:00,05-10-2019 00:00,56.08,164.94,65.06,1.96,1.54,70.47,0.61,269.23,190.89,29.52
05-10-2019 00:00,06-10-2019 00:00,45.47,163.54,65.48,2.25,0.81,63.14,0.59,275.03,191.48,29.71
06-10-2019 00:00,07-10-2019 00:00,68.06,198.14,72.67,3.31,2.43,63.33,0.52,282.76,185.55,30.14
07-10-2019 00:00,08-10-2019 00:00,59.12,184.41,61.6,6.59,2.21,64.83,0.76,291.8,179.31,29.94
08-10-2019 00:00,09-10-2019 00:00,48.73,164.58,61.79,7.87,1.95,60.49,0.54,255.44,186.35,29.89
09-10-2019 00:00,10-10-2019 00:00,79.78,217.8,76.92,17.2,2.03,59.94,0.41,140.92,186.25,31.73
10-10-2019 00:00,11-10-2019 00:00,120.05,275.88,95.4,12.18,1.46,58.28,0.36,176.63,182.56,33.16
11-10-2019 00:00,12-10-2019 00:00,135.77,301.33,86.17,11.09,2.95,64.06,0.96,170.75,97.94,28.03
12-10-2019 00:00,13-10-2019 00:00,133.61,303,81.4,9.22,2.47,62.37,0.3,57.53,177.01,31.65
13-10-2019 00:00,14-10-2019 00:00,183.17,361.23,94.15,13.27,3.92,62.04,0.3,57.06,175.03,30.14
14-10-2019 00:00,15-10-2019 00:00,147.56,343.26,95.86,8.65,3.12,63.52,0.3,60.62,174.38,30.24
15-10-2019 00:00,16-10-2019 00:00,172.25,383.65,100.34,9.27,3.31,62.08,0.3,58.86,171.44,30.73
16-10-2019 00:00,17-10-2019 00:00,162.51,326.91,77.6,14.43,2.81,62.84,0.43,80.26,171.57,30.73
17-10-2019 00:00,18-10-2019 00:00,129.47,261.76,68.22,10.08,2.24,61.26,0.77,95.01,180.76,30.34
18-10-2019 00:00,19-10-2019 00:00,70,257.4,78.86,6.69,2.5,53.63,1.08,153.43,422.02,30.93
19-10-2019 00:00,20-10-2019 00:00,106.09,264.75,97.2,5.69,1.61,58.78,0.32,208.7,None,29.73
20-10-2019 00:00,21-10-2019 00:00,112.29,259.08,101.47,1.79,1.57,55.05,0.41,280.88,None,29.73
21-10-2019 00:00,22-10-2019 00:00,123.93,265.43,102.32,1.45,1.51,55.39,0.57,279.84,None,28.8
22-10-2019 00:00,23-10-2019 00:00,121.97,294.15,118.78,6.75,2.82,57.09,0.65,285.42,None,28.32
23-10-2019 00:00,24-10-2019 00:00,176.73,425.33,134.31,15.85,2.31,59.75,0.38,232.41,None,28.46
24-10-2019 00:00,25-10-2019 00:00,229.76,483.35,119.29,25.62,2.42,62,0.38,131,None,28.59
25-10-2019 00:00,26-10-2019 00:00,147.95,379.56,93.53,21.67,2.11,59.14,0.6,99.85,None,28.3
26-10-2019 00:00,27-10-2019 00:00,193.56,434.6,120.38,15.17,2.34,64.92,0.32,158.93,None,27.7
27-10-2019 00:00,28-10-2019 00:00,234.49,468.98,120.22,15.46,2.29,65.22,0.44,264.72,None,27.89
28-10-2019 00:00,29-10-2019 00:00,352.24,534.95,128.14,23.07,3.24,65.84,0.3,242.36,None,27.71
29-10-2019 00:00,30-10-2019 00:00,410.07,612.58,139.99,16.41,3.81,71.87,0.3,226.32,None,27.14
30-10-2019 00:00,31-10-2019 00:00,373.41,628.93,136.05,21.77,3.81,68.72,0.31,268.59,None,27.96
31-10-2019 00:00,01-11-2019 00:00,409.59,670.44,138.86,16.64,4.3,69.95,0.3,245.85,None,27.19
01-11-2019 00:00,02-11-2019 00:00,455.22,683.68,147.93,23.58,3.82,65.56,0.3,217.84,None,28.24
02-11-2019 00:00,03-11-2019 00:00,379.18,556.08,106.13,18.79,3.6,67.03,0.41,259.72,None,27.77
03-11-2019 00:00,04-11-2019 00:00,599.53,709.53,101.07,17.89,3.12,73.04,0.34,276.14,None,26.63
04-11-2019 00:00,05-11-2019 00:00,381.55,485.17,86.64,12.86,1,63.32,0.6,288.26,None,27.68
05-11-2019 00:00,06-11-2019 00:00,240.27,384.54,96.36,15.29,1.23,60.08,0.43,282.21,69.69,27.32
06-11-2019 00:00,07-11-2019 00:00,121.78,263.12,106.71,6.19,1.74,57.52,0.5,186.22,133.74,27.39
07-11-2019 00:00,08-11-2019 00:00,213.62,348.7,103.06,15.79,2.51,69,0.7,137.04,154.89,25.24
08-11-2019 00:00,09-11-2019 00:00,205.04,356.08,122.17,20.07,1.2,67.03,0.33,199.38,165.84,26.5
09-11-2019 00:00,10-11-2019 00:00,144.52,248.22,106.26,17.32,2.02,58.99,0.49,279.4,169.22,27.18
10-11-2019 00:00,11-11-2019 00:00,234.7,385.83,130.35,22.76,2.5,54.34,0.38,256.77,170.11,26.2
11-11-2019 00:00,12-11-2019 00:00,333.03,498.06,129.78,15.27,2.25,54.45,0.38,241.34,167.76,25.5
12-11-2019 00:00,13-11-2019 00:00,450.64,612.66,138.67,14.32,3.08,60.42,0.34,224.17,167.22,24.71
13-11-2019 00:00,14-11-2019 00:00,405.96,570.05,126.75,11.88,3.72,65.21,0.31,218.72,164.29,25.19
14-11-2019 00:00,15-11-2019 00:00,425.42,629.03,127.61,17.05,4.29,71.46,0.33,183.64,161.79,24.92
15-11-2019 00:00,16-11-2019 00:00,386.04,591.52,105.12,6.76,2.89,67.87,0.32,266.2,165.1,25.95
16-11-2019 00:00,17-11-2019 00:00,162.46,311.33,65.5,4.13,1.1,61.51,0.72,284.59,162.12,26.66
17-11-2019 00:00,18-11-2019 00:00,98.15,193.44,58.12,4.65,1.66,59.21,1.26,292.62,170.51,26.19
18-11-2019 00:00,19-11-2019 00:00,126.14,244.43,93.24,5.43,2.24,66.47,0.54,281.47,165.67,24.7
19-11-2019 00:00,20-11-2019 00:00,185.27,323.29,91.01,5.03,1.55,63.95,0.37,278.63,226.6,24.95
20-11-2019 00:00,21-11-2019 00:00,227.29,504.05,146.32,16.45,2.51,57.25,0.3,223.06,221.59,26.36
21-11-2019 00:00,22-11-2019 00:00,282.17,525.29,111.95,15.16,3.39,65.47,0.33,180.26,163.64,24.41
22-11-2019 00:00,23-11-2019 00:00,264.22,470.18,85.21,12.33,2.8,65.12,0.33,245.66,164.53,24.75
23-11-2019 00:00,24-11-2019 00:00,139.43,296.52,99.61,9.73,2.42,62.31,0.3,280.94,159.65,25.28
24-11-2019 00:00,25-11-2019 00:00,96.8,228.15,85.11,9.51,1.8,57.82,0.3,287.26,150.12,26.86
25-11-2019 00:00,26-11-2019 00:00,120.18,254.29,77.83,14.66,1.82,61.35,0.3,188.77,165.82,25.36
26-11-2019 00:00,27-11-2019 00:00,114.74,243.11,82.88,12.65,1.51,56.92,0.3,174.35,167.12,26.92
27-11-2019 00:00,28-11-2019 00:00,109.93,167.38,68.28,5.91,1.33,68.24,0.49,139.69,159.54,24.79
28-11-2019 00:00,29-11-2019 00:00,35.53,75.8,49.87,3.11,1.18,76.09,1.58,107.24,157.22,22.8
29-11-2019 00:00,30-11-2019 00:00,57.01,141.47,63.98,6.46,1.61,76.25,0.37,209.47,176.67,23.13
30-11-2019 00:00,01-12-2019 00:00,112.25,274.46,101.85,5.99,2.42,70.63,0.5,262.86,178.28,24.04
01-12-2019 00:00,02-12-2019 00:00,135.8,276.2,105.15,10.33,1.98,69.79,0.49,258.83,170.29,22.42
02-12-2019 00:00,03-12-2019 00:00,158.7,320.84,101.57,4.62,2.29,69.02,0.48,250.33,169.43,21.78
03-12-2019 00:00,04-12-2019 00:00,167.5,355.9,108.48,9.86,3.24,66.5,0.45,248.84,168.29,21.59
04-12-2019 00:00,05-12-2019 00:00,207.24,397.93,117.31,5.7,3.25,66.6,0.3,219.65,168.28,21.44
05-12-2019 00:00,06-12-2019 00:00,319.23,516.18,124.9,6.44,3.91,72.88,0.3,185.71,163.87,21.23
06-12-2019 00:00,07-12-2019 00:00,252.17,390.13,102.63,7.55,2.69,77.83,0.31,236.41,160.02,22.01
07-12-2019 00:00,08-12-2019 00:00,302.58,486.15,102.48,12.32,3.54,82.9,0.31,247.38,166.07,21.16
08-12-2019 00:00,09-12-2019 00:00,297.56,489.17,127.06,6.12,4.08,75.74,0.32,260.08,159.97,21.95
09-12-2019 00:00,10-12-2019 00:00,242.44,437.91,115.66,9.46,2.82,72.82,0.32,261.79,161.96,21.61
10-12-2019 00:00,11-12-2019 00:00,292.69,475.22,126.69,9.62,3.13,71.87,0.31,260.9,216.73,21.72
11-12-2019 00:00,12-12-2019 00:00,340.33,555.4,135.3,12.35,3.22,66.6,0.51,144.81,209.95,22.87
12-12-2019 00:00,13-12-2019 00:00,303.67,437.33,136.26,10.15,2.09,73.51,1.73,102.24,97.85,21.86
13-12-2019 00:00,14-12-2019 00:00,102.1,126.64,149.93,8.78,1.22,84.96,1.73,145.04,129.97,21.06
14-12-2019 00:00,15-12-2019 00:00,89,145,None,None,None,None,None,None,None,None
15-12-2019 00:00,16-12-2019 00:00,92.83,208.22,244.35,4.81,1.51,73.65,0.74,266.24,159.6,20.49
16-12-2019 00:00,17-12-2019 00:00,96.98,170.95,150.16,8.67,1.75,85.89,1,267.83,112.55,17.42
17-12-2019 00:00,18-12-2019 00:00,108.3,186.74,111.49,7.03,1.79,82.99,0.78,261.49,132.19,17.02
18-12-2019 00:00,19-12-2019 00:00,178.75,273.28,158.29,2.53,1.86,77.86,0.58,227.24,165.87,17.74
19-12-2019 00:00,20-12-2019 00:00,326.1,438.66,147.79,11.09,2.69,89.3,0.74,124.46,167.93,16.21
20-12-2019 00:00,21-12-2019 00:00,503.94,674.47,240.56,9.06,3.43,83.49,0.34,226.46,172.92,18.25
21-12-2019 00:00,22-12-2019 00:00,313.38,419.82,181.02,4.31,1.64,83.29,0.53,259.09,157.8,18.62
22-12-2019 00:00,23-12-2019 00:00,160.89,223.04,120.25,5.38,2.22,86.31,0.9,266.51,153.5,17.25
23-12-2019 00:00,24-12-2019 00:00,198.3,280.2,123.35,6.88,2.08,83.97,0.62,236.34,152.76,16.52
24-12-2019 00:00,25-12-2019 00:00,328.19,484.31,302.5,10.93,2.7,83.35,0.52,198.08,153.33,16.77
25-12-2019 00:00,26-12-2019 00:00,187.57,276.14,157.52,3.84,1.54,84.81,0.85,269.95,154.65,15.83
26-12-2019 00:00,27-12-2019 00:00,217.88,331.53,201.49,6.21,1.24,81.06,0.52,259.15,155.22,15.74
27-12-2019 00:00,28-12-2019 00:00,292.34,426.05,246.23,9.09,2.07,79.79,0.36,214.34,159.06,15.63
28-12-2019 00:00,29-12-2019 00:00,336.75,500.48,331.13,12.24,2.39,88.05,0.4,200.29,141.38,13.98
29-12-2019 00:00,30-12-2019 00:00,359.65,517.02,215.1,11.83,2.87,82.52,0.36,180.48,157.25,8.39
30-12-2019 00:00,31-12-2019 00:00,369.66,500.67,63.66,8.56,2.73,94.21,0.94,147.02,110.74,7.49
31-12-2019 00:00,31-12-2019 16:06,183.64,242.32,23.6,6.92,1.95,78.49,1.62,87.42,228.58,8.12
,,,,,,,,,,,
01-01-2020 00:00,02-01-2020 00:00,367.38,460.72,54.65,10.66,3.67,79.31,0.84,124.07,174.46,8.97
02-01-2020 00:00,03-01-2020 00:00,361.69,472.6,61.22,21.35,4.16,76.68,0.61,166.35,170.22,9.92
03-01-2020 00:00,04-01-2020 00:00,389.3,492.54,46.58,21.35,2.9,75.58,0.92,125.08,225.7,10.45
04-01-2020 00:00,05-01-2020 00:00,209.88,361.17,90.28,5.06,0.92,64.32,0.67,253.71,213.19,11.15
05-01-2020 00:00,06-01-2020 00:00,189.56,315.02,68.64,11.09,1.96,70.22,0.77,233.42,166.41,10.4
06-01-2020 00:00,07-01-2020 00:00,170.26,289.72,62.24,17.82,2.34,73.29,0.46,211.32,141.49,10.14
07-01-2020 00:00,08-01-2020 00:00,142.56,217.66,41.79,16.09,1.68,80.31,1.45,87.16,146.83,10.22
08-01-2020 00:00,09-01-2020 00:00,145.7,168.07,37.43,11.75,1.82,91.4,0.74,152.14,88.5,9.74
09-01-2020 00:00,10-01-2020 00:00,111.38,230.26,44.38,7.97,2.11,80.01,1.24,267.09,228.37,9.04
10-01-2020 00:00,11-01-2020 00:00,148.54,323.3,53.81,10.51,2.22,79.83,1.03,264.77,174.9,9.07
11-01-2020 00:00,12-01-2020 00:00,164.28,344.48,70.58,12.11,2.67,70.2,0.64,250.82,166.05,14.74
12-01-2020 00:00,13-01-2020 00:00,260.68,None,73.67,11.66,3.86,73.32,0.47,233.1,169.14,18.9
13-01-2020 00:00,14-01-2020 00:00,259.22,328.16,54.47,3.77,2.65,77.62,1.32,121.87,160.91,19.13
14-01-2020 00:00,15-01-2020 00:00,143.28,213.71,38.74,7.66,1.96,83.14,0.79,252.7,162.22,18.36
15-01-2020 00:00,16-01-2020 00:00,118.79,199.33,46.55,8.83,1.26,79.69,0.57,247.83,175.26,18.52
16-01-2020 00:00,17-01-2020 00:00,163.94,205.18,37.57,9.29,1.88,84.91,0.44,230.62,148.65,17.83
17-01-2020 00:00,18-01-2020 00:00,106.42,153.88,38.81,6.28,1.54,88.04,0.63,250.77,162.27,18.44
18-01-2020 00:00,19-01-2020 00:00,171.87,340.52,72.96,4.44,2.07,81.4,0.54,244.22,230.44,18.48
19-01-2020 00:00,20-01-2020 00:00,153.73,261.58,54.86,3.89,1.65,82.13,1.17,259.07,175.28,13.82
20-01-2020 00:00,21-01-2020 00:00,181.78,314.54,63.04,7.59,5.15,84.54,0.69,245.99,163.25,12.63
21-01-2020 00:00,22-01-2020 00:00,243.08,403.34,61.82,4.28,1.47,83.62,0.89,121.55,165.73,13.39
22-01-2020 00:00,23-01-2020 00:00,235.97,359.52,59.43,4.37,1.75,84.38,0.92,242.44,175.35,13.02
23-01-2020 00:00,24-01-2020 00:00,74.64,175.2,51.89,5,2.12,65.22,2.16,264.59,216.06,14.65
24-01-2020 00:00,25-01-2020 00:00,91.35,256.97,81.66,12.54,4.23,54.98,1.79,250.38,251.48,18.11
25-01-2020 00:00,26-01-2020 00:00,159.07,354.67,91.07,9.37,2.94,60.1,0.66,238.67,215.88,18.32
26-01-2020 00:00,27-01-2020 00:00,292.98,519.9,85.09,10.45,2.28,75.04,0.62,223.76,173.01,16.91
27-01-2020 00:00,28-01-2020 00:00,238.67,447.77,92.79,11.21,3.97,72.54,0.88,140.17,158.88,17.56
28-01-2020 00:00,29-01-2020 00:00,105.43,152.98,52.52,11.63,2.4,78.27,1.93,108.97,169.33,17.57
29-01-2020 00:00,30-01-2020 00:00,82.7,171.68,56.76,5.82,3.36,74.09,0.59,238.5,192.68,17.57
30-01-2020 00:00,31-01-2020 00:00,81.83,183.79,56.26,8.21,2.58,72.83,1.25,267.06,181.51,17.26
31-01-2020 00:00,01-02-2020 00:00,91.3,230.54,72.35,7.46,2.25,71.04,0.92,244.58,182.48,16.51
01-02-2020 00:00,02-02-2020 00:00,130.43,269.45,68.57,8.28,2.1,81.94,0.47,212,112.01,15.46
02-02-2020 00:00,03-02-2020 00:00,125.08,234.81,78.81,7.32,1.29,75.69,0.97,262.34,185.96,16.52
03-02-2020 00:00,04-02-2020 00:00,154.68,339.19,89.99,10.28,3.12,68.93,0.57,220.74,194.43,17.03
04-02-2020 00:00,05-02-2020 00:00,208.78,407.02,79.37,13.5,1.21,66.34,0.9,152.48,256.16,14.87
05-02-2020 00:00,06-02-2020 00:00,133.15,301.53,81.74,12.28,3.1,61.87,1.14,260.89,257.51,11.01
06-02-2020 00:00,07-02-2020 00:00,132.27,277.74,77.61,8.86,2.08,68.88,0.63,218.19,184.28,10.06
07-02-2020 00:00,08-02-2020 00:00,163.25,276.3,89.88,12.17,2.29,71.32,0.62,213.1,181.39,9.94
08-02-2020 00:00,09-02-2020 00:00,145.22,290.78,74.68,3.11,2.21,68.37,0.93,262.61,180.12,10.43
09-02-2020 00:00,10-02-2020 00:00,150.05,293.99,90.22,11.55,2.48,67.56,0.55,248.63,179.33,10.53
10-02-2020 00:00,11-02-2020 00:00,178.18,383.42,59.47,7.86,2.43,70.63,0.68,233.12,179.8,10.27
11-02-2020 00:00,12-02-2020 00:00,184.85,389.11,102.15,7.94,2.2,71.06,0.56,223.79,170.69,10.31
12-02-2020 00:00,13-02-2020 00:00,173.61,356.52,87.78,7.84,2.26,67.73,1.4,249.62,180.05,11.17
13-02-2020 00:00,14-02-2020 00:00,100.43,229.39,71.75,9.53,2.1,59.97,2,258.8,197.44,12.15
14-02-2020 00:00,15-02-2020 00:00,85.24,196.7,53.26,6.42,1.56,64.89,2.81,265.61,208.51,11.4
15-02-2020 00:00,16-02-2020 00:00,85.67,244.94,89.17,5.94,1.32,48.85,2.02,258.22,255.8,12.51
16-02-2020 00:00,17-02-2020 00:00,137.48,300.07,90.91,3.97,1.81,61.88,0.74,244.67,183.64,11.55
17-02-2020 00:00,18-02-2020 00:00,188.72,380,99.03,2.49,2.39,64.55,1.05,244.76,193.71,11.55
18-02-2020 00:00,19-02-2020 00:00,130.99,306.91,110.65,9.92,2.92,54.49,1.23,242.57,182.99,11.81
19-02-2020 00:00,20-02-2020 00:00,150.86,378.56,74.05,8.5,2.45,64,1.99,109.85,189.38,11.59
20-02-2020 00:00,21-02-2020 00:00,102.93,233.05,36.7,7.77,1.47,60.83,3.35,87.06,187.47,12.36
21-02-2020 00:00,22-02-2020 00:00,54.28,98.11,38.19,7.07,1.02,78.34,2.13,132.49,164.47,10.82
22-02-2020 00:00,23-02-2020 00:00,74.28,167.26,45.98,12.28,2.52,73.27,0.81,152.3,186.82,11.54
23-02-2020 00:00,24-02-2020 00:00,111.16,207.71,50.27,4.35,1.8,70.57,0.51,192.65,182.86,12.15
24-02-2020 00:00,25-02-2020 00:00,59.46,166.17,49.48,7.72,2.06,65.45,0.67,226.17,232.86,12.2
25-02-2020 00:00,26-02-2020 00:00,96.35,233.38,59.22,7.69,2.82,63.42,0.83,255.74,247.49,12.85
26-02-2020 00:00,27-02-2020 00:00,124.38,284.7,72.09,8.06,2.57,70.09,0.64,178.9,177.32,12.38
27-02-2020 00:00,28-02-2020 00:00,93.71,201.47,64.43,2.45,2.03,73.51,1.17,92.92,162.14,12.19
28-02-2020 00:00,29-02-2020 00:00,71.98,159.12,42.79,4.88,1.95,71.13,2.66,81.07,179.98,12.37
29-02-2020 00:00,01-03-2020 00:00,53.34,116.17,44.11,10.94,1.61,74.08,2.38,92.39,176.15,12.01
01-03-2020 00:00,02-03-2020 00:00,61.67,190.19,75.51,None,2.18,67.8,0.97,126.8,234.04,12.72
02-03-2020 00:00,03-03-2020 00:00,128.45,324.77,68.76,11.89,2.49,73.68,0.42,164.55,208.98,15.75
03-03-2020 00:00,04-03-2020 00:00,99.96,249.76,79.48,8.08,3.31,65.11,0.57,206.02,188.63,22.69
04-03-2020 00:00,05-03-2020 00:00,84.32,220.64,63.75,14.2,1.97,64.98,1.55,105.47,206.75,22.33
05-03-2020 00:00,06-03-2020 00:00,32,86.87,47.43,8.23,1.99,67.05,3.06,104.47,267.5,21.95
06-03-2020 00:00,07-03-2020 00:00,19.57,42.51,41.43,6.16,1.81,80.97,2.81,101.38,147.84,19.18
07-03-2020 00:00,08-03-2020 00:00,43.15,104.26,51.09,7.93,1.63,77.52,1.64,101.85,190.05,19.73
08-03-2020 00:00,09-03-2020 00:00,101.52,226.74,56.83,11.22,2.38,73.65,0.57,232.08,203.93,20.89
09-03-2020 00:00,10-03-2020 00:00,65.65,181.07,51.4,8.34,2.11,62.78,1.47,265.35,198.91,21.19
10-03-2020 00:00,11-03-2020 00:00,176.46,325.79,45.78,3.68,1.96,78.52,0.3,235.82,12.28,18.04
11-03-2020 00:00,12-03-2020 00:00,52.9,121.55,33.27,9.24,1.6,62.32,3.47,92.8,268.99,23.27
12-03-2020 00:00,13-03-2020 00:00,70.05,189.57,43.88,12.14,1.98,65.26,1.39,133.38,195.3,22.64
13-03-2020 00:00,14-03-2020 00:00,60.01,208.69,50.33,7.59,1.5,57.4,1.05,154.13,195.54,22.92
14-03-2020 00:00,15-03-2020 00:00,45.72,87.3,42.35,8.89,2.1,79.22,1.34,131,179.69,20.02
15-03-2020 00:00,16-03-2020 00:00,63.52,151.82,49.44,9,2.12,72.33,0.54,187.86,198.85,20.51
16-03-2020 00:00,17-03-2020 00:00,65,247.55,66.94,7.19,1.78,63.09,0.71,266.76,202.4,23.11
17-03-2020 00:00,18-03-2020 00:00,71.41,222.45,65.11,8.06,2.03,64.62,0.88,257.23,195.39,22.63
18-03-2020 00:00,19-03-2020 00:00,69.72,241.81,69.97,3.91,2.24,66.17,0.88,234.65,153.54,22.63
19-03-2020 00:00,20-03-2020 00:00,109.36,273.56,68.62,9.27,2.18,66.45,0.59,219.23,193.51,23.7
20-03-2020 00:00,21-03-2020 00:00,113.91,258.27,54.57,29.48,1.77,61.67,1.08,121.68,255.3,24.18
21-03-2020 00:00,22-03-2020 00:00,94.34,267.99,74.16,12.71,2.23,55.11,1,239.79,264.54,25.45
22-03-2020 00:00,23-03-2020 00:00,84.56,155.36,40.42,14.52,2.04,60.08,0.74,193.74,195.08,24.2
23-03-2020 00:00,24-03-2020 00:00,63.43,117.34,34.81,15.65,1.51,58.51,0.47,170.51,200.9,24.44
24-03-2020 00:00,25-03-2020 00:00,98.91,155.33,33.39,17.47,2.07,59.33,0.93,108.38,221.33,24.45
maximum,,599.53,722.05,363.16,53,10.11,94.21,4.78,292.89,422.02,40.13
average,,142.655611,303.8103989,96.05777036,14.09427249,2.325858855,52.11310935,1.050868421,196.3473289,193.6686406,25.13746309
minimum,,9.42,24.3,5.22,0.95,0.04,2.5,0.3,54.85,4.62,5.84
,,,,,,,,,,,
25-03-2020 00:00,26-03-2020 00:00,42.55,72.58,20.65,12.83,1.24,53.04,1.03,240.62,255.39,26.86
26-03-2020 00:00,27-03-2020 00:00,44.99,69.08,17.29,8.19,1.42,64.56,1.52,259.84,165.56,24.13
27-03-2020 00:00,28-03-2020 00:00,25.54,39.87,14.68,10.69,1.32,71.89,1.62,173.36,169.98,22.46
28-03-2020 00:00,29-03-2020 00:00,22.69,39.44,15.49,8.13,1.15,68.92,1.23,252.71,199.77,23.11
29-03-2020 00:00,30-03-2020 00:00,29.11,64.57,15.34,7.53,1.19,59.52,2.04,269.72,199.77,23.93
30-03-2020 00:00,31-03-2020 00:00,31.88,65.71,18.57,8.29,1.41,56.8,1.59,267.59,207.04,23.97
31-03-2020 00:00,31-03-2020 16:20,37.7,74.53,18.86,10.27,0.81,54.97,1.12,268.45,256.18,24.76
01-04-2020 00:00,02-04-2020 00:00,37.04,73.99,17.67,11.08,1.39,56.45,0.97,231.19,197.45,25.14
02-04-2020 00:00,03-04-2020 00:00,30.54,69.65,15.03,9.27,1.31,54.47,1.81,263.3,199.69,24.65
03-04-2020 00:00,04-04-2020 00:00,30.67,70.56,24.45,7.63,1.31,46.96,1.52,266.54,232.3,24.52
04-04-2020 00:00,05-04-2020 00:00,None,80.38,25.41,9.22,1.2,46.96,1.44,251.6,267.62,25.78
05-04-2020 00:00,06-04-2020 00:00,None,123.24,23.42,12.89,1.37,52.36,0.69,172.94,200.04,25.37
06-04-2020 00:00,07-04-2020 00:00,None,191,None,None,1.87,51.48,0.75,218.35,177.42,26.31
07-04-2020 00:00,08-04-2020 00:00,None,67.91,None,None,1.09,53.28,1.27,261.17,207.82,25.51
08-04-2020 00:00,09-04-2020 00:00,None,79.14,None,None,0.45,49.29,1.26,256.35,227.39,24.98
09-04-2020 00:00,10-04-2020 00:00,None,None,None,None,None,None,None,None,None,None
10-04-2020 00:00,11-04-2020 00:00,None,None,None,None,None,None,None,None,None,None
11-04-2020 00:00,12-04-2020 00:00,None,None,None,None,None,None,None,None,None,None
12-04-2020 00:00,13-04-2020 00:00,None,None,None,None,None,None,None,None,None,None
13-04-2020 00:00,14-04-2020 00:00,None,None,None,None,None,None,None,None,None,None
14-04-2020 00:00,15-04-2020 00:00,None,None,None,None,None,None,None,None,None,None
,,,,,,,,,,,
15-04-2020 00:00,16-04-2020 00:00,None,None,None,None,None,None,None,None,None,None
16-04-2020 00:00,17-04-2020 00:00,None,None,None,None,None,None,None,None,None,None
17-04-2020 00:00,18-04-2020 00:00,None,None,None,None,None,None,None,None,None,None
18-04-2020 00:00,19-04-2020 00:00,None,None,None,None,None,None,None,None,None,None
19-04-2020 00:00,20-04-2020 00:00,46.95,116.12,33.82,12.93,0.84,47.99,0.49,186.29,71.51,26.17
20-04-2020 00:00,21-04-2020 00:00,64.41,124.13,24.14,19.04,4.28,55.07,0.65,190.42,187.98,24.99
21-04-2020 00:00,22-04-2020 00:00,53.34,97.84,17.19,12.52,1.99,53.03,0.83,235.24,245.68,26.1
22-04-2020 00:00,23-04-2020 00:00,68.68,140.12,30.44,27.82,1.13,46.8,0.62,207.25,207.44,27.21
23-04-2020 00:00,24-04-2020 00:00,57.3,119.47,25.78,18.89,1.46,45.8,0.74,189.99,197.91,27.08
24-04-2020 00:00,25-04-2020 00:00,63.89,128.09,24.18,18.71,1.26,49.74,0.69,129.13,196.58,27.35
25-04-2020 00:00,26-04-2020 00:00,34.1,None,16.53,11.78,None,45.63,0.71,155.77,201.67,27.91
26-04-2020 00:00,27-04-2020 00:00,49.4,None,12.52,13.74,None,61.38,1.25,86.6,204.94,24.66
27-04-2020 00:00,28-04-2020 00:00,28.59,79.61,11.11,10.53,4.8,65.38,2.21,75.56,218.11,24.93
28-04-2020 00:00,29-04-2020 00:00,46.1,79.62,10.05,11.73,1.32,58.85,1.32,93.49,275.77,26.64
29-04-2020 00:00,30-04-2020 00:00,56.14,120.75,None,None,1.46,49.77,1.05,150.07,369.43,30.1
30-04-2020 00:00,01-05-2020 00:00,37.92,86.11,None,None,1.83,63.4,0.74,88.17,131.26,26.25
01-05-2020 00:00,02-05-2020 00:00,None,None,None,None,None,None,None,None,None,None
02-05-2020 00:00,03-05-2020 00:00,None,None,None,None,None,None,None,None,None,None
03-05-2020 00:00,04-05-2020 00:00,None,None,None,None,None,None,None,None,None,None
,,,,,,,,,,,
04-05-2020 00:00,05-05-2020 00:00,None,None,None,None,None,None,None,None,None,None
05-05-2020 00:00,06-05-2020 00:00,None,None,None,None,None,None,None,None,None,None
06-05-2020 00:00,07-05-2020 00:00,None,None,None,None,None,None,None,None,None,None
07-05-2020 00:00,08-05-2020 00:00,None,None,None,None,None,None,None,None,None,None
08-05-2020 00:00,09-05-2020 00:00,None,None,None,None,None,None,None,None,None,None
09-05-2020 00:00,10-05-2020 00:00,None,None,None,None,None,None,None,None,None,None
10-05-2020 00:00,11-05-2020 00:00,None,None,None,None,None,None,None,None,None,None
11-05-2020 00:00,12-05-2020 00:00,None,None,None,None,None,None,None,None,None,None
12-05-2020 00:00,13-05-2020 00:00,None,None,None,None,None,None,None,None,None,None
13-05-2020 00:00,14-05-2020 00:00,None,None,None,None,None,None,None,None,None,None
14-05-2020 00:00,15-05-2020 00:00,None,None,None,None,None,None,None,None,None,None
15-05-2020 00:00,16-05-2020 00:00,70.6,137.19,23.34,22.88,3.09,42.45,0.71,264.03,111.97,29
16-05-2020 00:00,17-05-2020 00:00,78.74,130.68,20.16,16.45,2.5,43.86,0.93,259.17,215.69,29.18
17-05-2020 00:00,18-05-2020 00:00,96.64,165.23,28.25,28.71,2.94,41.79,0.58,232.68,209.01,29.71
,,,,,,,,,,,
18-05-2020 00:00,19-05-2020 00:00,89.11,150.46,41.51,15.85,1.53,42.02,0.72,238.21,212.31,29.4
19-05-2020 00:00,20-05-2020 00:00,114.94,145.77,51.06,23.63,1.57,39.39,0.52,192.64,212.41,29.67
20-05-2020 00:00,21-05-2020 00:00,61.26,86.61,33.84,13.94,2.53,35.88,1.1,259.16,213.96,29.78
21-05-2020 00:00,22-05-2020 00:00,61.11,87.22,21.97,15.35,4.2,40.41,1.11,264.5,9.09,27.41
22-05-2020 00:00,23-05-2020 00:00,128.9,177.3,115.29,17.94,5.07,40.45,0.3,173.39,None,30.99
23-05-2020 00:00,24-05-2020 00:00,105.38,152.94,51.96,11.71,2.4,36.77,0.68,215.23,None,36.64
24-05-2020 00:00,25-05-2020 00:00,92.26,140.51,29.58,17.16,1.46,36.49,1.08,247.76,None,40.43
25-05-2020 00:00,26-05-2020 00:00,69.08,105.12,33.14,20.89,1.04,35.18,1.15,255.1,None,39.92
26-05-2020 00:00,27-05-2020 00:00,67.48,128.55,44.17,11.57,2.93,35.4,1.17,231.86,None,40.2
27-05-2020 00:00,28-05-2020 00:00,61.12,103.82,24.44,13.54,0.75,36.06,0.95,163.54,None,40.05
28-05-2020 00:00,29-05-2020 00:00,56.92,164.62,12.43,8.09,1.33,51.05,2.67,95.95,None,36.14
29-05-2020 00:00,30-05-2020 00:00,40.21,55.06,16.57,10.41,1.76,59.86,2.49,99.38,None,33.57
30-05-2020 00:00,31-05-2020 00:00,30.82,39.23,14.21,9.37,3.94,60.49,1.72,108.07,None,33.58
31-05-2020 00:00,01-06-2020 00:00,28.61,39.44,16.89,11.97,2.97,70.92,1.29,128.16,None,31.62
,,,,,,,,,,,
01-06-2020 00:00,02-06-2020 00:00,52.7,83.59,19.98,17.59,1.3,64.01,0.47,145.2,None,33.37
02-06-2020 00:00,03-06-2020 00:00,61.58,90.56,20.92,18.12,1.12,57.34,0.56,172.97,None,35.12
03-06-2020 00:00,04-06-2020 00:00,77.2,106.61,28.27,22.91,1.05,54.46,0.43,178.09,None,35.61
04-06-2020 00:00,05-06-2020 00:00,96.36,127.92,48.57,23.21,1.52,58.21,0.8,102.19,None,34.3
05-06-2020 00:00,06-06-2020 00:00,57.98,76.52,24.86,12.6,0.56,60.54,0.86,88.85,None,33.94
06-06-2020 00:00,07-06-2020 00:00,43.73,60.11,19.13,14.7,1.13,59.52,0.93,79.94,None,34.43
07-06-2020 00:00,08-06-2020 00:00,53.08,75.23,21.66,11.65,1.04,57.75,0.61,157.31,None,34.55
08-06-2020 00:00,09-06-2020 00:00,68.74,93.49,35.61,21.21,2.08,53.92,0.53,164.73,None,36.22
09-06-2020 00:00,10-06-2020 00:00,84.38,113.24,48.89,17.77,1.32,50.06,0.46,187.42,None,38.07
10-06-2020 00:00,11-06-2020 00:00,92.68,130.39,45.01,17.51,1.51,52.08,0.48,144.36,None,38.14
11-06-2020 00:00,12-06-2020 00:00,83.31,116.55,36.33,17.17,1.52,53.65,0.35,131.59,None,37.63
12-06-2020 00:00,13-06-2020 00:00,86.82,118.41,53.02,13.56,1.78,51.65,0.56,100.51,None,38.57
13-06-2020 00:00,14-06-2020 00:00,81.82,119.75,57.43,10.18,1.51,58.17,0.87,100.38,None,36.28
14-06-2020 00:00,15-06-2020 00:00,109.94,137.09,64.76,14.72,1.46,56.13,0.41,102.73,None,37.52
15-06-2020 00:00,16-06-2020 00:00,72.34,101.24,70.99,12.34,1.08,48.45,0.48,140.14,None,39.28
16-06-2020 00:00,17-06-2020 00:00,58.33,84.98,42.92,12.19,1.27,49.32,0.82,98,None,38.79
17-06-2020 00:00,18-06-2020 00:00,47.86,80.27,41.94,11.9,0.89,55.47,1.49,83.83,None,37.69
18-06-2020 00:00,19-06-2020 00:00,49.46,81.2,50.33,12.18,1.71,52.89,0.93,114.43,None,38.66
19-06-2020 00:00,20-06-2020 00:00,83.53,148,34.19,12.74,1.27,56.66,1.02,90.55,None,38.13
20-06-2020 00:00,21-06-2020 00:00,60.69,113.86,35.67,13.01,1.19,58.79,0.6,128.3,None,35.69
21-06-2020 00:00,22-06-2020 00:00,57.39,84.3,28.7,15.94,1.14,61.83,0.51,94.39,None,35.37
22-06-2020 00:00,23-06-2020 00:00,52.09,58.95,32.01,12.82,1.62,62.06,0.46,97.75,None,35.9
23-06-2020 00:00,24-06-2020 00:00,30.95,43.82,16.37,9.85,None,63.9,1.17,76.08,None,35.71
24-06-2020 00:00,25-06-2020 00:00,39.81,57,19.38,11.06,None,73.21,0.67,72.18,None,34.25
25-06-2020 00:00,26-06-2020 00:00,56.98,78.24,22.46,19.65,3.11,68.26,0.37,175.24,193.11,35.67
26-06-2020 00:00,27-06-2020 00:00,59,96.56,19.62,17.88,2.39,64.84,0.52,179.09,212.06,36.16
27-06-2020 00:00,28-06-2020 00:00,43.83,130.88,27.49,13.86,2.61,56.54,0.89,240.03,203.64,37.35
28-06-2020 00:00,29-06-2020 00:00,65.47,254.21,33.66,11.05,3.52,52.94,0.9,198.4,208.18,38.8
29-06-2020 00:00,30-06-2020 00:00,58.7,151.31,21.39,19.27,1.57,58.48,0.69,133.17,208.96,37.52
30-06-2020 00:00,30-06-2020 16:27,44.32,69.5,22.28,11.72,1.01,68.01,1.08,80.47,248.75,35.51